year,tourney,round,result,opponent,Unret%,<=3 W%,RiP W%,RiP W%.1,SvImpact,1st: Unret%,1st: <=3 W%,RiP W%.2,RiP W%.3,SvImpact1st,D Wide%,A Wide%,BP Wide%,2nd: Unret%,2nd: <=3 W%,2nd: RiP W%,2ndAgg,surface
2021,Wimbledon,QF,L,Hurkacz,22.6,43.0,43.5,52.4,34.1,31.1,52.5,43.5,52.4,48.7,39.3,54.5,37.5,6.9,27.6,29.6,-49,grass
2021,Wimbledon,R16,W,Sonego,37.2,52.6,58.3,61.5,44.0,44.7,59.6,58.3,61.5,56.0,36.4,40.0,100.0,26.7,43.3,54.5,-30,grass
2021,Wimbledon,R32,W,Norrie,38.6,56.1,52.9,56.5,48.8,39.5,60.5,52.9,56.5,54.7,59.5,41.0,0.0,36.8,47.4,45.8,-79,grass
2021,Wimbledon,R64,W,Gasquet,34.7,54.7,61.3,72.2,45.1,42.9,68.3,61.3,72.2,58.4,56.7,48.5,66.7,18.8,28.1,46.2,-79,grass
2021,Wimbledon,R128,W,Mannarino,29.5,41.1,57.9,55.0,36.2,41.2,54.4,57.9,55.0,52.2,37.1,54.5,100.0,12.2,22.0,61.1,7,grass
2021,Roland Garros,R32,W,Koepfer,20.3,35.4,55.6,57.3,28.6,25.0,43.0,55.6,57.3,38.2,53.5,38.6,33.3,12.5,23.2,53.1,-53,clay
2021,Roland Garros,R64,W,Cilic,40.2,54.7,49.3,55.6,47.7,43.8,61.3,49.3,55.6,54.8,43.2,58.1,50.0,33.3,41.7,37.5,-38,clay
2021,Roland Garros,R128,W,Istomin,35.4,58.5,69.0,64.0,47.7,45.7,67.4,69.0,64.0,63.0,52.6,63.0,,10.5,36.8,76.5,-79,clay
2021,Doha,R16,W,Evans,23.8,43.8,61.3,70.0,38.2,29.6,53.5,61.3,70.0,50.8,55.2,50.0,0.0,11.8,23.5,46.7,-79,hard
2020,Australian Open,SF,L,Djokovic,28.8,43.3,42.3,47.7,37.9,35.3,55.9,42.3,47.7,49.1,65.7,48.5,33.3,18.2,21.2,33.3,47,hard
2020,Australian Open,QF,W,Sandgren,30.4,45.0,50.9,54.9,39.7,36.6,55.4,50.9,54.9,50.8,46.9,57.1,37.5,19.6,26.8,44.4,-2,hard
2020,Australian Open,R16,W,Fucsovics,16.5,32.0,60.5,70.0,26.2,20.6,42.9,60.5,70.0,36.5,71.0,56.3,33.3,10.0,15.0,47.2,-79,hard
2020,Australian Open,R32,W,Millman,29.4,48.2,57.0,61.4,38.2,37.5,59.8,57.0,61.4,50.8,41.7,62.5,50.0,15.4,28.8,50.0,34,hard
2020,Australian Open,R128,W,Johnson,42.4,60.6,67.6,64.0,51.4,49.0,63.3,67.6,64.0,61.0,50.0,44.0,,25.0,56.3,75.0,10,hard
2019,Tour Finals,SF,L,Tsitsipas,37.0,40.7,35.3,43.8,40.0,46.7,53.3,35.3,43.8,52.0,50.0,50.0,0.0,25.0,25.0,27.8,-79,hard
2019,Tour Finals,RR,W,Berrettini,41.8,59.7,56.4,56.5,50.3,48.9,68.9,56.4,56.5,61.6,43.5,40.9,0.0,27.3,40.9,56.3,-79,hard
2019,Tour Finals,RR,L,Thiem,34.3,47.8,45.5,55.2,43.9,38.3,55.3,45.5,55.2,51.9,38.1,50.0,0.0,25.0,30.0,26.7,-79,hard
2019,Tour Finals,RR,W,Djokovic,57.1,67.3,52.6,46.2,63.7,63.9,75.0,52.6,46.2,72.8,33.3,28.6,,45.5,54.5,66.7,154,hard
2019,Basel,F,W,De,22.0,46.0,64.1,69.6,35.4,28.1,62.5,64.1,69.6,49.1,73.3,41.2,,11.1,16.7,56.3,-79,hard
2019,Basel,SF,W,Tsitsipas,34.6,48.1,71.9,62.5,42.7,46.7,66.7,71.9,62.5,60.7,45.5,52.6,,20.0,25.0,81.3,59,hard
2019,Shanghai,QF,L,Zverev,32.6,41.3,44.3,38.2,37.1,41.4,53.4,44.3,38.2,48.4,37.5,38.5,0.0,18.2,21.2,51.9,-79,hard
2019,Shanghai,R16,W,Goffin,32.5,43.4,52.7,54.1,40.2,38.3,51.7,52.7,54.1,49.0,64.0,45.7,33.3,18.2,22.7,50.0,-13,hard
2019,Laver Cup,RR,W,Kyrgios,36.0,57.3,63.0,69.0,45.6,42.0,66.0,63.0,69.0,56.4,50.0,56.7,,26.1,43.5,52.9,42,hard
2019,Laver Cup,RR,W,Isner,42.4,57.6,75.8,82.6,52.2,47.7,65.9,75.8,82.6,60.9,52.9,70.4,100.0,28.6,35.7,60.0,22,hard
2019,US Open,QF,L,Dimitrov,34.0,47.2,46.8,52.1,40.6,46.1,61.8,46.8,52.1,56.6,34.8,53.5,25.0,14.8,24.1,41.3,-52,hard
2019,Cincinnati,R16,L,Rublev,32.7,49.0,41.9,40.0,39.0,37.5,53.1,41.9,40.0,47.2,53.3,64.7,,26.7,46.7,45.5,99,hard
2019,Wimbledon,F,L,Djokovic,34.0,48.3,54.7,63.5,43.5,41.7,59.1,54.7,63.5,57.0,66.1,45.6,33.3,22.9,32.9,42.6,40,grass
2019,Wimbledon,SF,W,Nadal,32.8,44.0,55.8,55.3,40.7,40.5,53.2,55.8,55.3,52.2,47.4,39.0,0.0,16.7,25.0,56.7,-38,grass
2019,Wimbledon,QF,W,Nishikori,38.7,57.5,60.7,68.3,49.8,41.4,70.0,60.7,68.3,58.3,56.8,63.6,50.0,37.5,37.5,45.0,89,grass
2019,Wimbledon,R16,W,Berrettini,32.8,52.5,75.0,80.8,45.2,39.5,58.1,75.0,80.8,57.2,36.4,61.9,,17.6,41.2,64.3,5,grass
2019,Wimbledon,R32,W,Pouille,31.4,48.0,55.9,63.0,42.4,32.4,52.9,55.9,63.0,48.8,53.3,47.4,33.3,31.3,40.6,40.9,-79,grass
2019,Wimbledon,R64,W,Clarke,34.2,64.4,77.8,82.6,46.3,48.9,80.0,77.8,82.6,68.4,47.8,54.5,0.0,12.0,44.0,72.7,4,grass
2019,Halle,F,W,Goffin,41.4,58.6,60.6,64.7,48.4,51.4,71.4,60.6,64.7,63.1,57.1,57.1,100.0,27.3,40.9,56.3,-13,grass
2019,Halle,QF,W,Bautista,23.3,43.3,62.3,68.9,38.3,23.7,49.2,62.3,68.9,46.6,50.0,51.6,40.0,22.6,32.3,50.0,-79,grass
2019,Halle,R16,W,Tsonga,37.0,48.0,54.8,52.8,42.4,45.5,54.5,54.8,52.8,53.6,51.9,61.5,66.7,21.2,36.4,57.7,-35,grass
2019,Roland Garros,SF,L,Nadal,16.1,30.1,44.2,50.0,23.7,21.4,35.7,44.2,50.0,33.9,46.2,46.7,55.6,8.3,22.2,36.4,-38,clay
2019,Roland Garros,QF,W,Wawrinka,30.9,45.6,58.4,63.9,39.3,36.5,49.0,58.4,63.9,49.6,41.5,54.5,33.3,21.6,41.2,50.0,-22,clay
2019,Rome,R16,W,Coric,29.4,42.2,46.7,42.5,35.3,35.5,46.8,46.7,42.5,46.0,62.1,54.5,0.0,22.2,37.8,51.4,-15,clay
2019,Madrid,QF,L,Thiem,39.6,53.8,52.5,61.0,46.8,46.1,64.5,52.5,61.0,56.1,43.3,56.5,33.3,25.9,29.6,35.0,72,clay
2019,Madrid,R16,W,Monfils,35.7,48.8,53.8,59.4,46.0,36.0,56.0,53.8,59.4,53.2,39.1,37.0,50.0,37.5,40.6,45.0,10,clay
2019,Miami,F,W,Isner,54.3,62.9,86.7,100.0,58.9,75.0,85.0,86.7,100.0,83.0,70.0,50.0,,28.6,35.7,80.0,22,hard
2019,Miami,SF,W,Shapovalov,28.9,46.7,77.4,85.7,38.7,36.4,54.5,77.4,85.7,56.4,53.8,55.6,,22.7,40.9,70.6,-13,hard
2019,Miami,QF,W,Anderson,42.9,45.2,50.0,54.5,44.3,56.0,56.0,50.0,54.5,58.4,45.5,50.0,,26.7,33.3,45.5,99,hard
2019,Miami,R16,W,Medvedev,33.3,45.8,65.6,73.7,40.0,42.4,54.5,65.6,73.7,52.1,33.3,44.4,0.0,13.3,26.7,53.8,-79,hard
2019,Miami,R64,W,Albot,37.4,51.6,60.0,55.2,42.7,49.1,57.9,60.0,55.2,57.7,56.5,55.9,100.0,18.8,43.8,65.4,10,hard
2019,Indian Wells,F,L,Thiem,22.6,40.5,55.6,60.5,33.9,27.1,49.2,55.6,60.5,43.2,25.8,46.4,100.0,13.0,21.7,45.0,14,hard
2019,Indian Wells,QF,W,Hurkacz,27.1,39.0,67.5,76.2,33.4,34.4,50.0,67.5,76.2,45.9,46.7,41.2,100.0,20.8,29.2,57.9,86,hard
2019,Indian Wells,R16,W,Edmund,32.3,46.2,54.5,66.7,40.5,41.5,58.5,54.5,66.7,54.4,50.0,42.1,33.3,16.7,25.0,40.0,-79,hard
2019,Dubai,F,W,Tsitsipas,32.7,47.3,67.6,74.1,42.4,35.7,52.4,67.6,74.1,48.3,31.6,34.8,50.0,23.1,30.8,50.0,-79,hard
2019,Dubai,SF,W,Coric,40.9,56.8,60.0,64.3,50.5,44.0,68.0,60.0,64.3,60.8,41.7,46.2,,38.9,44.4,54.5,1,hard
2019,Dubai,QF,W,Fucsovics,25.0,46.3,53.4,62.5,35.5,36.0,60.0,53.4,62.5,52.8,60.0,44.0,0.0,7.1,25.0,42.3,-45,hard
2019,Dubai,R16,W,Verdasco,38.5,57.7,60.9,58.6,46.3,47.3,67.3,60.9,58.6,58.4,45.8,41.9,50.0,19.0,38.1,64.7,53,hard
2019,Australian Open,R16,L,Tsitsipas,36.5,51.9,57.6,60.7,46.4,46.7,65.7,57.6,60.7,61.3,37.5,46.2,0.0,15.7,23.5,53.5,-79,hard
2018,Tour Finals,SF,L,Zverev,32.3,43.1,56.8,63.6,40.0,40.5,51.4,56.8,63.6,54.1,60.0,59.3,0.0,21.4,32.1,50.0,-79,hard
2018,Tour Finals,RR,L,Nishikori,26.8,41.1,62.2,69.6,36.4,28.1,46.9,62.2,69.6,45.0,50.0,63.6,,30.0,40.0,50.0,157,hard
2018,Tour Finals,RR,W,Thiem,57.9,71.1,62.5,57.1,63.4,68.2,81.8,62.5,57.1,77.7,55.6,46.2,,43.8,56.3,66.7,-79,hard
2018,Tour Finals,RR,W,Anderson,34.0,44.0,59.4,62.5,40.4,46.7,60.0,59.4,62.5,57.3,38.5,64.7,33.3,15.8,21.1,56.3,-3,hard
2018,Paris,SF,L,Djokovic,32.4,46.0,53.3,54.7,40.9,43.0,57.0,53.3,54.7,55.8,63.0,53.2,42.9,11.4,25.0,51.3,-13,hard
2018,Basel,F,W,Copil,29.2,41.5,69.8,88.2,35.2,50.0,58.8,69.8,88.2,61.5,55.6,62.5,0.0,7.1,25.0,57.7,-47,hard
2018,Shanghai,SF,L,Coric,39.3,52.5,43.2,52.4,46.9,47.5,67.5,43.2,52.4,59.0,50.0,50.0,20.0,23.8,23.8,31.3,-79,hard
2018,Shanghai,R32,W,Medvedev,31.4,48.8,54.2,66.7,41.7,45.0,66.7,54.2,66.7,59.8,57.7,58.8,100.0,0.0,7.7,38.5,-118,hard
2018,US Open,R16,L,Millman,28.3,43.9,53.5,66.7,37.1,43.5,62.4,53.5,66.7,61.4,40.5,60.4,66.7,15.4,29.5,43.9,32,hard
2018,US Open,R32,W,Kyrgios,38.0,54.3,58.9,74.2,47.7,49.2,70.5,58.9,74.2,63.8,48.3,62.5,50.0,16.7,23.3,40.0,-30,hard
2018,US Open,R64,W,Paire,27.4,38.9,62.5,60.0,32.4,36.4,47.3,62.5,60.0,45.1,60.0,63.3,0.0,17.1,31.4,65.5,47,hard
2018,US Open,R128,W,Nishioka,30.5,48.8,57.4,63.6,40.6,40.0,63.6,57.4,63.6,55.1,62.5,64.5,40.0,12.5,20.8,47.6,4,hard
2018,Cincinnati,F,L,Djokovic,32.5,36.4,41.7,34.8,37.8,48.9,51.1,41.7,34.8,58.0,47.6,54.2,50.0,10.7,17.9,48.0,-15,hard
2018,Cincinnati,SF,W,Goffin,46.7,57.8,54.5,50.0,53.8,50.0,62.5,54.5,50.0,60.0,57.1,50.0,,45.5,54.5,66.7,154,hard
2018,Cincinnati,QF,W,Wawrinka,34.4,61.1,70.7,71.4,41.8,44.0,68.0,70.7,71.4,57.2,65.0,50.0,,23.1,53.8,70.0,-41,hard
2018,Wimbledon,QF,L,Anderson,44.6,55.4,51.5,55.9,50.6,52.0,63.4,51.5,55.9,60.7,50.9,54.3,100.0,28.3,37.7,44.7,-51,grass
2018,Wimbledon,R16,W,Mannarino,40.8,53.9,62.2,79.2,50.8,52.9,68.6,62.2,79.2,67.8,45.8,44.4,50.0,16.0,24.0,42.9,-79,grass
2018,Wimbledon,R32,W,Struff,47.3,64.9,67.6,81.3,54.9,60.0,85.0,67.6,81.3,74.0,50.0,60.0,,34.4,43.8,57.1,10,grass
2018,Wimbledon,R64,W,Lacko,41.0,73.8,75.0,85.7,54.1,51.2,88.4,75.0,85.7,69.8,50.0,44.0,,16.7,38.9,60.0,-79,grass
2018,Wimbledon,R128,W,Lajovic,34.9,60.3,73.7,80.8,46.5,40.9,65.9,73.7,80.8,57.5,29.4,55.6,,25.0,56.3,58.3,10,grass
2018,Halle,F,L,Coric,45.5,59.1,53.2,72.4,56.4,53.2,72.6,53.2,72.4,68.7,66.7,54.3,0.0,28.0,28.0,22.2,-21,grass
2018,Halle,SF,W,Kudla,33.3,50.7,63.8,72.4,43.2,42.0,62.0,63.8,72.4,56.8,60.0,56.0,33.3,18.2,31.8,50.0,58,grass
2018,Halle,QF,W,Ebden,43.1,52.3,56.8,64.7,49.7,52.8,66.7,56.8,64.7,64.7,35.3,63.2,100.0,31.0,34.5,50.0,-79,grass
2018,Halle,R16,W,Paire,34.4,48.9,52.5,53.1,42.1,43.9,59.6,52.5,53.1,56.0,50.0,48.6,66.7,18.2,30.3,51.9,-79,grass
2018,Halle,R32,W,Bedene,53.1,65.3,65.2,63.6,58.4,66.7,78.8,65.2,63.6,74.5,37.5,52.9,,25.0,37.5,66.7,-79,grass
2018,Stuttgart,F,W,Raonic,40.9,54.5,61.5,72.7,49.8,50.0,65.9,61.5,72.7,63.4,47.6,56.5,,22.7,31.8,47.1,-79,grass
2018,Stuttgart,SF,W,Kyrgios,39.5,61.6,72.0,73.5,51.7,38.2,65.5,72.0,73.5,57.3,63.2,47.2,,44.8,58.6,68.8,19,grass
2018,Stuttgart,R16,W,Zverev,32.4,47.9,55.3,62.5,43.9,33.3,50.0,55.3,62.5,50.4,36.4,26.9,50.0,31.8,45.5,40.0,-13,grass
2018,Miami,R64,L,Kokkinakis,32.1,45.2,63.0,69.7,41.8,40.0,56.4,63.0,69.7,54.7,66.7,61.8,0.0,19.2,26.9,52.4,72,hard
2018,Indian Wells,F,L,del,27.8,39.1,56.4,58.1,35.8,38.6,52.9,56.4,58.1,51.7,48.3,51.2,50.0,12.5,20.0,54.3,4,hard
2018,Indian Wells,SF,W,Coric,28.4,40.9,51.6,50.0,34.4,34.6,48.1,51.6,50.0,44.8,42.9,48.4,40.0,20.0,31.4,53.6,-37,hard
2018,Indian Wells,QF,W,Chung,27.5,47.8,53.1,53.3,37.5,34.8,54.3,53.1,53.3,49.8,60.0,46.2,66.7,13.6,36.4,52.6,-13,hard
2018,Indian Wells,R16,W,Chardy,34.7,55.1,84.4,100.0,44.5,48.0,72.0,84.4,100.0,67.2,62.5,70.6,,20.8,37.5,73.7,-79,hard
2018,Indian Wells,R32,W,Krajinovic,42.9,66.7,60.9,75.0,52.6,55.6,81.5,60.9,75.0,70.7,60.0,50.0,50.0,21.4,42.9,45.5,22,hard
2018,Indian Wells,R64,W,Delbonis,30.5,48.8,53.6,54.8,40.1,41.5,62.3,53.6,54.8,56.4,72.2,42.9,100.0,10.7,25.0,52.0,-27,hard
2018,Rotterdam,F,W,Dimitrov,46.2,61.5,66.7,71.4,57.2,41.7,62.5,66.7,71.4,59.6,60.0,57.1,,53.3,60.0,57.1,-79,hard
2018,Rotterdam,R16,W,Kohlschreiber,41.2,61.8,67.5,77.3,53.5,52.2,78.3,67.5,77.3,70.4,31.6,48.1,,18.2,27.3,55.6,-79,hard
2018,Australian Open,F,W,Cilic,46.8,54.7,48.6,52.8,50.9,57.1,66.7,48.6,52.8,64.0,50.0,47.5,0.0,33.3,39.2,44.1,31,hard
2018,Australian Open,SF,W,Chung,43.2,48.6,70.0,75.0,43.2,75.0,75.0,70.0,75.0,75.0,50.0,50.0,,20.0,30.0,68.8,-7,hard
2018,Australian Open,QF,W,Berdych,31.3,47.9,63.9,71.4,39.8,41.7,65.0,63.9,71.4,55.3,57.7,55.9,100.0,16.1,22.6,53.8,35,hard
2018,Australian Open,R16,W,Fucsovics,30.9,45.7,74.1,71.4,39.8,41.7,54.2,74.1,71.4,56.7,68.0,47.8,,16.1,35.5,76.9,13,hard
2018,Australian Open,R32,W,Gasquet,34.0,53.2,50.8,67.6,46.5,39.3,63.9,50.8,67.6,58.5,42.9,63.6,0.0,25.0,34.4,25.0,-33,hard
2018,Australian Open,R64,W,Struff,47.8,60.9,55.3,57.1,52.9,59.6,73.1,55.3,57.1,68.7,58.3,46.4,100.0,33.3,46.2,53.8,-41,hard
2018,Australian Open,R128,W,Bedene,33.3,56.8,62.7,62.9,45.1,39.7,62.1,62.7,62.9,56.0,45.5,55.6,0.0,20.0,50.0,62.5,73,hard
2017,Tour Finals,SF,L,Goffin,33.8,46.8,53.2,60.0,45.2,34.8,52.2,53.2,60.0,53.9,63.6,62.5,50.0,37.0,44.4,41.2,72,hard
2017,Basel,F,W,del,28.7,39.6,55.2,57.6,34.5,37.7,52.8,55.2,57.6,48.7,26.1,46.7,20.0,20.9,27.9,52.9,79,hard
2017,Shanghai,F,W,Nadal,47.7,59.1,65.2,61.5,53.9,56.7,66.7,65.2,61.5,65.7,57.1,56.3,,28.6,42.9,70.0,-79,hard
2017,Shanghai,SF,W,del,35.9,57.8,65.9,76.9,47.2,43.5,69.6,65.9,76.9,59.1,30.4,47.8,,16.7,27.8,46.7,-79,hard
2017,Laver Cup,RR,W,Kyrgios,35.4,50.6,55.3,50.0,43.0,45.1,56.9,55.3,50.0,56.9,55.0,51.6,,20.8,45.8,63.2,78,hard
2017,US Open,QF,L,del,29.9,44.5,54.9,50.0,36.9,44.6,60.2,54.9,50.0,56.0,40.5,63.0,66.7,8.2,22.4,60.0,-37,hard
2017,US Open,R128,W,Tiafoe,40.5,50.0,47.7,46.2,45.7,58.7,68.3,47.7,46.2,68.3,38.2,41.4,0.0,20.4,30.6,48.7,35,hard
2017,Canada,F,L,Zverev,35.8,45.3,46.9,52.9,40.6,37.0,55.6,46.9,52.9,46.3,53.8,50.0,0.0,37.5,37.5,40.0,37,hard
2017,Canada,SF,W,Haase,44.4,59.3,72.4,71.4,52.2,53.3,73.3,72.4,71.4,67.3,41.7,38.9,0.0,34.8,43.5,73.3,-16,hard
2017,Canada,R16,W,Ferrer,35.3,42.2,43.5,41.9,39.4,48.3,58.3,43.5,41.9,55.3,52.0,45.7,50.0,18.4,21.1,45.2,65,hard
2017,Wimbledon,F,W,Cilic,51.4,62.9,59.4,54.5,57.4,58.5,69.8,59.4,54.5,66.4,66.7,65.5,,33.3,46.7,70.0,99,grass
2017,Wimbledon,SF,W,Berdych,35.2,55.2,66.1,71.1,46.2,44.9,69.6,66.1,71.1,61.6,46.2,55.8,33.3,20.0,33.3,58.3,59,grass
2017,Wimbledon,QF,W,Raonic,32.6,49.4,66.7,80.0,44.3,46.4,64.3,66.7,80.0,65.0,29.2,59.4,75.0,12.5,33.3,47.6,-19,grass
2017,Wimbledon,R16,W,Dimitrov,40.0,56.0,57.8,53.6,46.1,46.2,61.5,57.8,53.6,55.0,35.0,62.5,0.0,26.1,43.5,64.7,-79,grass
2017,Halle,F,W,Zverev,45.2,54.8,60.9,78.6,57.4,51.7,62.1,60.9,78.6,69.3,46.2,37.5,100.0,30.8,38.5,33.3,-79,grass
2017,Halle,SF,W,Khachanov,27.3,42.9,55.6,59.5,36.0,28.8,50.0,55.6,59.5,41.7,60.0,46.9,33.3,26.1,30.4,47.1,42,grass
2017,Stuttgart,R16,L,Haas,40.4,55.3,50.0,52.8,49.4,48.6,65.7,50.0,52.8,60.6,62.1,39.0,0.0,18.2,27.3,44.4,47,grass
2017,Miami,F,W,Nadal,24.2,40.3,65.2,81.5,35.3,30.8,53.8,65.2,81.5,48.5,61.1,52.4,0.0,13.6,18.2,42.1,-13,hard
2017,Miami,SF,W,Kyrgios,29.5,48.4,66.3,77.1,39.0,36.0,57.3,66.3,77.1,51.5,51.6,59.1,,20.5,36.4,51.4,18,hard
2017,Miami,QF,W,Berdych,30.6,44.7,53.7,51.6,36.1,40.4,53.8,53.7,51.6,49.4,54.5,46.7,0.0,17.9,35.7,56.5,49,hard
2017,Indian Wells,F,W,Wawrinka,31.6,45.6,63.2,60.0,41.4,44.4,55.6,63.2,60.0,60.0,60.0,52.4,100.0,10.0,30.0,66.7,-13,hard
2017,Indian Wells,SF,W,Sock,38.7,53.2,61.1,66.7,44.7,45.5,60.6,61.1,66.7,56.7,35.7,52.6,,33.3,48.1,55.6,25,hard
2017,Indian Wells,R16,W,Nadal,40.0,60.0,60.0,57.1,44.4,41.7,58.3,60.0,57.1,50.0,41.7,66.7,0.0,42.1,68.4,63.6,-3,hard
2017,Indian Wells,R32,W,Johnson,41.0,57.7,64.3,72.7,48.5,53.2,70.2,64.3,72.7,65.5,42.1,57.1,,25.9,44.4,55.0,116,hard
2017,Indian Wells,R64,W,Robert,29.3,43.9,60.7,66.7,35.4,37.5,58.3,60.7,66.7,47.9,44.4,46.7,,18.8,25.0,53.8,10,hard
2017,Dubai,R16,L,Donskoy,40.4,54.1,47.6,53.3,48.5,43.8,60.0,47.6,53.3,54.9,52.9,47.8,50.0,33.3,40.7,33.3,25,hard
2017,Dubai,R32,W,Paire,34.5,50.9,52.8,47.4,40.0,42.4,60.6,52.8,47.4,51.5,41.2,50.0,,22.7,36.4,58.8,-79,hard
2017,Australian Open,F,W,Nadal,32.6,47.8,51.1,58.3,39.8,43.5,61.2,51.1,58.3,55.2,60.0,42.5,44.4,16.0,28.0,42.9,7,hard
2017,Australian Open,SF,W,Wawrinka,31.5,46.9,52.6,54.7,39.7,38.4,54.7,52.6,54.7,52.1,57.5,43.5,66.7,22.2,37.0,50.0,1,hard
2017,Australian Open,QF,W,Zverev,29.1,48.1,56.4,52.8,37.6,33.3,53.7,56.4,52.8,45.7,42.3,50.0,50.0,20.8,37.5,63.2,-19,hard
2017,Australian Open,R16,W,Nishikori,37.8,52.7,53.8,61.7,47.2,51.0,68.8,53.8,61.7,65.5,50.0,42.3,20.0,17.5,30.0,42.4,49,hard
2017,Australian Open,R32,W,Berdych,32.9,57.1,72.1,90.0,43.3,50.0,77.5,72.1,90.0,68.3,47.4,61.9,,11.5,34.6,56.5,0,hard
2017,Australian Open,R128,W,Melzer,44.7,54.4,44.6,46.7,49.4,55.2,62.7,44.6,46.7,62.5,48.4,50.0,50.0,25.7,40.0,42.3,-37,hard
2016,Wimbledon,SF,L,Raonic,37.5,54.4,54.7,67.3,46.8,43.9,69.4,54.7,67.3,59.1,51.1,56.9,71.4,29.8,33.3,37.5,43,grass
2016,Wimbledon,QF,W,Cilic,45.0,54.4,48.4,52.2,50.7,56.6,67.0,48.4,52.2,65.8,52.5,65.2,50.0,25.4,33.3,44.7,-79,grass
2016,Wimbledon,R64,W,Willis,35.6,46.6,59.6,63.0,45.3,40.0,55.6,59.6,63.0,55.8,59.1,34.8,100.0,28.6,32.1,55.0,-79,grass
2016,Stuttgart,SF,L,Thiem,31.2,45.9,47.9,57.5,38.4,42.0,58.0,47.9,57.5,53.5,58.6,45.0,33.3,13.2,26.3,36.4,-3,grass
2016,Stuttgart,R16,W,Fritz,34.7,56.8,58.3,69.4,45.1,41.9,67.7,58.3,69.4,57.7,46.4,50.0,25.0,22.6,38.7,41.7,13,grass
2016,Rome,R16,L,Thiem,33.3,40.0,43.8,37.0,37.5,42.6,53.2,43.8,37.0,49.1,42.1,57.1,33.3,19.2,19.2,52.4,-23,clay
2016,Rome,R32,W,Zverev,32.2,50.8,65.0,68.4,39.3,42.4,60.6,65.0,68.4,55.2,57.1,57.9,100.0,19.2,38.5,61.9,-79,clay
2016,Monte Carlo,QF,L,Tsonga,25.0,36.9,50.8,54.3,32.6,28.6,44.9,50.8,54.3,41.6,32.0,58.3,25.0,22.6,29.0,45.8,94,clay
2016,Australian Open,SF,L,Djokovic,28.0,36.0,39.4,38.9,32.8,36.8,47.4,39.4,38.9,45.3,45.2,38.5,0.0,16.7,21.4,40.0,-44,hard
2016,Australian Open,QF,W,Berdych,35.6,52.9,60.4,68.8,46.9,46.7,63.3,60.4,68.8,63.0,37.9,58.1,0.0,12.5,33.3,47.6,4,hard
2016,Australian Open,R32,W,Dimitrov,33.0,48.2,55.7,54.1,39.6,47.1,61.4,55.7,54.1,57.7,58.8,58.3,60.0,10.8,29.7,57.6,-13,hard
2016,Australian Open,R64,W,Dolgopolov,56.9,58.3,48.1,57.1,59.3,70.8,72.9,48.1,57.1,74.4,60.9,36.0,,35.0,35.0,38.5,59,hard
2016,Brisbane,F,L,Raonic,36.7,41.7,47.2,43.8,37.5,52.9,55.9,47.2,43.8,54.4,53.8,52.4,33.3,16.7,25.0,50.0,37,hard
2016,Brisbane,SF,W,Thiem,46.9,55.1,46.2,50.0,49.0,70.4,77.8,46.2,50.0,74.1,45.5,56.3,,18.2,27.3,44.4,-79,hard
2016,Brisbane,QF,W,Dimitrov,38.6,56.6,64.0,74.1,46.6,49.1,69.8,64.0,74.1,61.7,45.8,48.3,,20.7,34.5,52.2,-29,hard
2015,Tour Finals,F,L,Djokovic,27.1,33.9,48.8,57.1,35.6,28.2,38.5,48.8,57.1,41.0,50.0,57.1,66.7,27.8,27.8,30.8,72,hard
2015,Tour Finals,SF,W,Wawrinka,23.4,39.1,67.4,65.5,33.6,29.3,46.3,67.4,65.5,45.1,61.1,52.2,100.0,15.0,30.0,70.6,25,hard
2015,Tour Finals,RR,W,Berdych,32.6,54.3,66.7,75.0,45.0,42.9,75.0,66.7,75.0,63.2,61.5,60.0,,21.4,28.6,54.5,65,hard
2015,Tour Finals,RR,W,Djokovic,40.7,53.7,56.7,50.0,47.4,50.0,66.7,56.7,50.0,60.0,43.8,60.0,100.0,25.0,31.3,66.7,89,hard
2015,Tour Finals,RR,W,Nishikori,27.7,39.4,46.9,73.3,35.6,41.2,58.8,46.9,73.3,55.9,60.0,53.8,66.7,12.8,17.9,23.5,10,hard
2015,Paris,R16,L,Isner,31.9,42.5,60.3,70.0,40.7,42.9,54.3,60.3,70.0,57.1,55.9,58.3,,15.4,25.6,48.5,35,hard
2015,Paris,R32,W,Seppi,27.5,55.0,71.4,66.7,39.3,30.8,57.7,71.4,66.7,48.8,50.0,64.3,100.0,23.1,53.8,80.0,29,hard
2015,Basel,F,W,Nadal,36.7,56.7,54.5,59.5,49.0,40.3,64.5,54.5,59.5,58.2,53.1,36.7,0.0,30.8,42.3,44.4,29,hard
2015,Basel,SF,W,Sock,35.7,50.0,60.0,77.3,47.3,43.6,61.5,60.0,77.3,60.3,52.6,65.0,100.0,18.8,25.0,30.8,10,hard
2015,Basel,QF,W,Goffin,26.8,46.3,55.4,69.0,37.1,32.6,60.5,55.4,69.0,52.1,66.7,54.5,50.0,22.9,34.3,40.7,76,hard
2015,Basel,R16,W,Kohlschreiber,36.3,53.8,63.3,76.0,46.4,47.9,66.7,63.3,76.0,64.8,60.0,46.4,,20.0,36.7,50.0,16,hard
2015,Basel,R32,W,Kukushkin,35.0,67.5,82.6,81.8,45.0,50.0,86.4,82.6,81.8,68.2,55.6,61.5,0.0,20.0,53.3,83.3,65,hard
2015,Shanghai,R32,L,Ramos,33.8,50.6,66.0,71.0,45.7,43.6,61.8,66.0,71.0,60.4,53.6,44.4,100.0,9.5,23.8,57.9,-18,hard
2015,US Open,F,L,Djokovic,32.1,41.6,46.6,51.9,39.3,40.2,51.7,46.6,51.9,51.5,53.3,61.9,42.9,20.0,26.7,38.9,72,hard
2015,US Open,SF,W,Wawrinka,33.8,50.6,63.3,64.3,41.8,44.0,64.0,63.3,64.3,56.4,70.0,66.7,0.0,16.0,28.0,61.9,33,hard
2015,US Open,QF,W,Gasquet,37.1,58.6,66.7,76.7,49.1,43.4,66.0,66.7,76.7,59.2,61.5,48.1,,20.0,40.0,41.7,76,hard
2015,US Open,R16,W,Isner,47.7,60.4,56.6,56.0,52.0,60.3,71.4,56.6,56.0,67.8,39.4,46.7,25.0,34.9,51.2,57.1,-45,hard
2015,US Open,R32,W,Kohlschreiber,32.5,49.4,51.9,56.3,38.8,37.3,52.9,51.9,56.3,47.5,33.3,45.8,50.0,31.0,51.7,45.0,105,hard
2015,US Open,R64,W,Darcis,42.6,63.9,61.8,70.0,51.6,53.5,79.1,61.8,70.0,66.3,55.6,56.0,0.0,17.6,29.4,50.0,5,hard
2015,US Open,R128,W,Mayer,45.5,60.6,64.5,61.9,54.1,52.3,72.7,64.5,61.9,65.2,47.1,63.0,0.0,41.2,47.1,70.0,232,hard
2015,Cincinnati,F,W,Djokovic,39.3,52.5,68.6,62.5,46.2,54.3,71.4,68.6,62.5,66.3,33.3,30.0,,20.8,29.2,73.7,37,hard
2015,Cincinnati,SF,W,Murray,39.1,53.1,67.6,63.6,43.0,37.1,51.4,67.6,63.6,44.3,53.3,65.0,,44.4,59.3,73.3,25,hard
2015,Cincinnati,QF,W,Lopez,35.8,52.8,64.7,72.7,45.8,40.5,59.5,64.7,72.7,54.9,68.8,52.4,50.0,25.0,37.5,50.0,-79,hard
2015,Wimbledon,F,L,Djokovic,31.2,44.7,52.1,57.9,40.1,39.4,52.1,52.1,57.9,52.8,47.5,51.9,0.0,15.9,31.8,43.2,18,grass
2015,Wimbledon,SF,W,Murray,40.7,58.2,62.3,71.1,52.9,44.9,66.7,62.3,71.1,61.0,44.8,62.5,100.0,28.6,33.3,40.0,-10,grass
2015,Wimbledon,QF,W,Simon,44.0,60.0,56.1,57.7,52.4,52.7,69.1,56.1,57.7,64.2,55.6,46.4,100.0,21.1,36.8,53.3,-3,grass
2015,Wimbledon,R32,W,Groth,47.2,62.0,66.1,75.9,55.1,57.4,73.5,66.1,75.9,69.9,51.6,51.4,,30.8,43.6,55.6,-41,grass
2015,Wimbledon,R64,W,Querrey,31.2,54.5,62.7,64.3,40.6,40.4,63.8,62.7,64.3,56.0,40.0,51.9,0.0,17.9,42.9,60.9,22,grass
2015,Wimbledon,R128,W,Dzumhur,48.4,54.7,63.6,66.7,52.7,57.1,64.3,63.6,66.7,63.6,57.1,42.9,,31.8,36.4,60.0,-79,grass
2015,Halle,F,W,Seppi,35.6,52.1,57.4,65.5,45.1,45.3,62.3,57.4,65.5,58.3,56.5,56.7,66.7,10.0,25.0,44.4,-79,grass
2015,Halle,SF,W,Karlovic,42.3,57.7,62.2,71.0,53.2,46.6,65.5,62.2,71.0,61.2,40.9,61.1,100.0,30.0,35.0,42.9,-79,grass
2015,Roland Garros,QF,L,Wawrinka,28.6,37.5,48.8,48.8,34.6,38.6,45.7,48.8,48.8,48.1,40.0,55.0,60.0,11.9,23.8,48.6,-79,clay
2015,Roland Garros,R16,W,Monfils,36.0,48.0,54.0,54.3,41.7,42.6,57.4,54.0,54.3,52.0,28.6,63.6,100.0,26.3,34.2,53.6,-40,clay
2015,Roland Garros,R32,W,Dzumhur,22.0,36.6,59.7,56.8,32.3,28.8,50.0,59.7,56.8,45.2,39.1,48.3,0.0,10.7,14.3,64.0,-27,clay
2015,Rome,F,L,Djokovic,27.4,41.9,47.7,56.0,38.7,39.0,58.5,47.7,56.0,56.1,56.3,72.0,100.0,5.0,10.0,36.8,-66,clay
2015,Rome,SF,W,Wawrinka,37.5,52.1,62.1,63.2,50.0,45.7,62.9,62.1,63.2,62.9,41.2,50.0,100.0,16.7,25.0,60.0,37,clay
2015,Rome,QF,W,Berdych,31.3,54.2,60.6,76.5,40.6,41.4,72.4,60.6,76.5,56.9,50.0,53.3,0.0,15.8,26.3,43.8,-79,clay
2015,Rome,R16,W,Anderson,33.9,45.8,52.6,52.9,38.5,51.4,60.0,52.6,52.9,59.1,29.4,27.8,,8.7,26.1,52.4,-26,clay
2015,Madrid,R32,L,Kyrgios,31.8,49.6,54.0,62.8,39.3,41.9,64.9,54.0,62.8,55.0,58.1,55.8,0.0,18.5,29.6,45.5,-52,clay
2015,Istanbul,F,W,Cuevas,31.9,51.4,59.6,59.4,41.9,38.5,61.5,59.6,59.4,52.3,26.3,60.6,0.0,16.7,27.8,60.0,47,hard
2015,Istanbul,SF,W,Schwartzman,31.3,44.6,55.4,65.5,39.2,35.6,51.1,55.4,65.5,50.0,50.0,60.9,,27.0,37.8,44.4,-39,hard
2015,Monte Carlo,R16,L,Monfils,20.7,33.3,48.5,53.1,28.2,31.9,46.8,48.5,53.1,45.7,52.4,57.7,66.7,7.7,17.9,44.4,-41,clay
2015,Indian Wells,F,L,Djokovic,24.5,38.8,45.1,54.3,30.4,38.6,52.6,45.1,54.3,48.8,48.4,53.8,83.3,5.3,21.1,36.1,-64,hard
2015,Indian Wells,SF,W,Raonic,31.7,44.4,62.8,66.7,37.5,35.7,50.0,62.8,66.7,44.3,26.1,52.6,0.0,23.8,33.3,56.3,-79,hard
2015,Indian Wells,QF,W,Berdych,30.0,50.0,74.1,82.4,41.8,34.6,61.5,74.1,82.4,52.7,41.7,64.3,,23.1,30.8,60.0,29,hard
2015,Indian Wells,R16,W,Sock,37.2,58.1,74.1,73.3,44.4,46.4,64.3,74.1,73.3,57.5,21.4,28.6,,20.0,46.7,75.0,-79,hard
2015,Indian Wells,R64,W,Schwartzman,46.8,63.8,58.3,60.0,52.3,56.5,73.9,58.3,60.0,67.8,62.5,60.0,,39.1,56.5,57.1,-16,hard
2015,Dubai,F,W,Djokovic,36.7,49.4,46.9,54.2,44.1,53.8,69.2,46.9,54.2,65.0,66.7,35.5,25.0,3.8,11.5,40.0,-77,hard
2015,Dubai,SF,W,Coric,34.7,38.8,44.8,50.0,40.4,43.8,50.0,44.8,50.0,52.5,35.7,44.4,33.3,21.4,21.4,36.4,76,hard
2015,Dubai,R16,W,Verdasco,42.5,62.5,60.9,66.7,51.2,57.1,82.1,60.9,66.7,69.6,40.0,38.5,0.0,8.3,16.7,54.5,-79,hard
2015,Australian Open,R32,L,Seppi,35.5,48.6,55.0,59.0,41.7,52.4,65.9,55.0,59.0,62.8,50.0,45.2,33.3,12.8,27.7,51.2,0,hard
2015,Australian Open,R64,W,Bolelli,46.7,62.0,55.1,51.9,52.3,56.5,71.0,55.1,51.9,64.7,53.6,52.9,,26.7,43.3,59.1,-79,hard
2015,Australian Open,R128,W,Lu,30.1,57.8,72.2,75.0,43.1,42.9,75.0,72.2,75.0,62.1,60.9,60.6,66.7,4.3,26.1,68.2,-76,hard
2015,Brisbane,F,W,Raonic,44.0,53.0,46.4,55.2,50.0,54.7,64.1,46.4,55.2,64.1,50.0,61.1,50.0,25.0,33.3,37.0,-79,hard
2014,Davis Cup,RR,W,Gasquet,31.9,56.5,70.2,76.7,45.7,38.8,65.3,70.2,76.7,58.2,46.2,39.1,,15.0,35.0,58.8,-79,hard
2014,Tour Finals,SF,W,Wawrinka,34.3,42.6,46.5,51.5,39.6,42.1,56.1,46.5,51.5,52.3,54.2,48.5,100.0,25.5,27.5,42.1,-79,hard
2014,Tour Finals,RR,W,Murray,22.2,41.7,74.1,100.0,35.6,14.3,57.1,74.1,100.0,48.6,57.1,28.6,,28.6,33.3,53.3,-10,hard
2014,Tour Finals,RR,W,Raonic,36.0,48.0,54.3,58.3,42.3,41.5,58.5,54.3,58.3,52.9,47.4,45.5,50.0,31.3,37.5,50.0,10,hard
2014,Paris,QF,L,Raonic,40.6,52.2,60.0,77.3,48.1,48.8,67.4,60.0,77.3,60.9,65.0,60.9,,28.0,28.0,38.9,-21,hard
2014,Basel,F,W,Goffin,45.9,64.9,78.9,63.6,55.9,50.0,72.7,78.9,63.6,66.8,58.3,40.0,,42.9,57.1,100.0,22,hard
2014,Basel,QF,W,Dimitrov,40.0,52.3,60.5,62.5,46.6,56.8,70.3,60.5,62.5,68.4,45.0,64.7,100.0,18.5,29.6,59.1,-25,hard
2014,Shanghai,F,W,Simon,35.2,50.7,63.0,59.3,44.8,46.0,66.0,63.0,59.3,59.6,33.3,55.2,,9.5,14.3,68.4,-79,hard
2014,Shanghai,SF,W,Djokovic,25.0,37.5,56.6,54.3,33.3,31.4,43.1,56.6,54.3,43.1,38.1,53.3,,10.0,25.0,61.1,-13,hard
2014,Davis Cup,RR,W,Fognini,37.5,50.0,60.3,62.9,43.3,39.7,56.9,60.3,62.9,49.3,50.0,52.9,25.0,36.1,41.7,56.5,1,hard
2014,US Open,SF,L,Cilic,32.1,36.9,43.6,46.7,37.5,41.2,47.1,43.6,46.7,50.0,43.5,46.4,,19.4,22.6,40.0,-32,hard
2014,US Open,QF,W,Monfils,29.8,44.4,54.8,63.6,38.7,35.3,54.1,54.8,63.6,51.1,53.8,47.8,33.3,23.4,32.8,44.9,-56,hard
2014,US Open,R128,W,Matosevic,43.7,60.9,62.5,77.4,52.6,48.3,68.3,62.5,77.4,61.3,52.0,37.1,0.0,34.6,46.2,35.3,-23,hard
2014,Cincinnati,F,W,Ferrer,36.5,52.7,48.9,56.0,45.3,45.7,60.9,48.9,56.0,59.8,33.3,52.0,0.0,23.1,42.3,40.0,29,hard
2014,Cincinnati,SF,W,Raonic,38.5,57.7,59.4,73.3,48.7,54.5,75.8,59.4,73.3,70.6,14.3,47.4,0.0,10.5,26.3,47.1,-79,hard
2014,Cincinnati,QF,W,Murray,31.7,46.0,50.0,50.0,39.2,43.6,61.5,50.0,50.0,55.6,66.7,42.9,33.3,14.3,23.8,50.0,19,hard
2014,Canada,F,L,Tsonga,29.0,47.0,50.7,53.7,39.5,36.9,60.0,50.7,53.7,53.1,43.3,54.3,40.0,16.1,25.8,46.2,39,hard
2014,Canada,SF,W,Lopez,41.5,54.7,63.3,71.4,47.5,51.7,65.5,63.3,71.4,62.8,45.5,61.1,,30.4,43.5,56.3,-16,hard
2014,Canada,R32,W,Polansky,37.2,48.8,52.0,64.3,43.5,51.7,62.1,52.0,64.3,61.0,57.1,40.0,,8.3,25.0,36.4,-39,hard
2014,Wimbledon,F,L,Djokovic,34.9,46.9,50.8,58.1,43.2,44.4,60.2,50.8,58.1,56.3,58.3,49.3,14.3,14.8,18.5,39.1,31,grass
2014,Wimbledon,SF,W,Raonic,38.8,55.0,62.5,66.7,47.4,42.3,59.6,62.5,66.7,55.6,34.8,48.3,100.0,33.3,48.1,55.6,-25,grass
2014,Wimbledon,QF,W,Wawrinka,36.1,53.8,62.7,66.7,48.4,37.7,58.4,62.7,66.7,56.6,37.1,57.1,0.0,34.1,46.3,55.6,-43,grass
2014,Halle,F,W,Falla,33.3,53.3,62.5,70.4,43.6,42.6,70.2,62.5,70.4,58.9,40.9,60.0,50.0,19.2,26.9,52.4,29,grass
2014,Roland Garros,R16,L,Gulbis,26.7,41.0,49.6,54.9,34.2,29.7,46.5,49.6,54.9,41.7,46.8,63.0,40.0,22.8,33.3,40.9,-3,clay
2014,Roland Garros,R64,W,Schwartzman,37.0,48.1,59.2,66.7,42.8,47.1,60.8,59.2,66.7,56.3,40.9,48.3,0.0,21.4,28.6,50.0,22,clay
2014,Rome,R32,L,Chardy,35.6,49.5,43.8,45.2,42.4,40.8,54.9,43.8,45.2,50.4,40.6,59.0,75.0,26.7,40.0,40.9,-30,clay
2014,Monte Carlo,F,L,Wawrinka,20.4,35.0,55.6,65.4,32.1,23.5,39.7,55.6,65.4,41.3,51.6,56.8,75.0,14.7,26.5,37.9,-36,clay
2014,Monte Carlo,SF,W,Djokovic,26.3,42.1,68.3,75.0,37.4,30.0,52.5,68.3,75.0,45.8,35.3,21.7,0.0,18.8,18.8,53.8,10,clay
2014,Miami,QF,L,Nishikori,28.4,35.2,46.7,51.7,33.3,38.3,48.9,46.7,51.7,47.4,31.3,45.2,25.0,18.4,21.1,41.9,32,hard
2014,Miami,R32,W,De,55.8,69.8,66.7,63.6,62.1,57.7,69.2,66.7,63.6,68.1,40.0,25.0,,56.3,75.0,71.4,10,hard
2014,Indian Wells,F,L,Djokovic,25.7,39.6,56.3,53.7,34.2,35.9,53.1,56.3,53.7,49.2,44.4,48.6,50.0,9.1,18.2,60.0,-29,hard
2014,Indian Wells,SF,W,Dolgopolov,51.2,60.5,55.0,46.7,56.0,51.6,61.3,55.0,46.7,58.4,46.7,68.8,,54.5,63.6,80.0,47,hard
2014,Indian Wells,R16,W,Haas,24.2,41.9,60.9,74.1,34.2,32.5,57.5,60.9,74.1,48.0,53.3,48.0,33.3,9.5,14.3,42.1,-18,hard
2014,Dubai,F,W,Berdych,34.5,44.0,48.1,68.2,38.8,48.8,62.8,48.1,68.2,57.2,76.5,30.8,66.7,20.0,25.0,34.4,-42,hard
2014,Dubai,SF,W,Djokovic,36.4,46.8,48.9,52.2,39.6,47.7,59.1,48.9,52.2,53.4,36.0,15.8,0.0,22.6,32.3,45.8,-79,hard
2014,Australian Open,SF,L,Nadal,22.9,38.1,48.8,52.9,31.3,27.1,45.7,48.8,52.9,39.9,55.3,34.4,33.3,14.7,23.5,41.4,-36,hard
2014,Australian Open,QF,W,Murray,31.1,45.1,60.2,64.7,42.0,34.6,56.4,60.2,64.7,51.7,63.6,55.6,0.0,25.6,25.6,53.1,-79,hard
2014,Australian Open,R16,W,Tsonga,31.0,48.8,71.9,79.3,43.6,39.6,68.8,71.9,79.3,61.7,57.1,66.7,,20.0,22.9,64.3,-37,hard
2014,Australian Open,R128,W,Duckworth,38.5,55.1,67.4,78.3,47.8,52.1,75.0,67.4,78.3,67.3,37.5,62.5,0.0,20.0,28.0,55.0,65,hard
2014,Brisbane,F,L,Hewitt,43.0,50.0,31.3,40.0,46.7,52.8,60.4,31.3,40.0,58.9,51.9,53.8,25.0,28.1,34.4,21.7,-33,hard
2014,Brisbane,QF,W,Matosevic,39.0,51.2,58.3,66.7,44.1,40.0,52.0,58.3,66.7,48.4,50.0,27.3,0.0,40.0,53.3,44.4,16,hard
2014,Brisbane,R16,W,Nieminen,39.3,58.9,54.5,58.8,45.5,48.5,69.7,54.5,58.8,59.1,43.8,58.8,,27.3,45.5,50.0,-79,hard
2013,Tour Finals,SF,L,Nadal,32.2,42.4,41.0,47.8,37.5,41.0,53.8,41.0,47.8,49.0,33.3,50.0,0.0,15.8,21.1,31.3,-3,hard
2013,Tour Finals,RR,W,Gasquet,21.9,35.9,57.1,58.3,29.2,25.0,39.6,57.1,58.3,34.8,27.3,53.8,75.0,13.3,26.7,53.8,16,hard
2013,Tour Finals,RR,L,Djokovic,24.3,35.9,47.9,50.0,30.6,34.5,47.3,47.9,50.0,46.4,47.6,52.9,33.3,14.0,25.6,45.9,19,hard
2013,Tour Finals,RR,W,del,31.6,49.0,56.1,65.8,40.0,40.6,62.5,56.1,65.8,53.4,40.0,61.5,25.0,15.2,24.2,42.9,-35,hard
2013,Paris,SF,L,Djokovic,22.5,29.2,49.2,54.8,28.0,28.8,37.3,49.2,54.8,37.1,63.3,62.1,66.7,11.5,15.4,39.1,-8,hard
2013,Paris,QF,W,del,29.0,46.4,67.3,75.0,40.6,31.9,53.2,67.3,75.0,48.9,27.3,52.0,66.7,22.7,31.8,52.9,-79,hard
2013,Basel,F,L,del,33.7,47.5,50.0,52.8,40.8,44.6,63.1,50.0,52.8,55.7,40.6,51.5,0.0,15.6,21.9,44.4,31,hard
2013,Basel,QF,W,Dimitrov,20.6,38.2,68.0,77.8,30.1,30.8,48.7,68.0,77.8,47.4,52.9,45.5,60.0,8.0,28.0,56.5,-42,hard
2013,Shanghai,R16,L,Monfils,25.5,46.1,55.4,59.6,36.9,28.8,50.7,55.4,59.6,44.7,47.2,40.5,16.7,18.5,37.0,45.5,25,hard
2013,Shanghai,R32,W,Seppi,31.3,47.8,52.3,59.1,38.4,43.6,61.5,52.3,59.1,55.6,55.6,57.1,100.0,15.4,30.8,45.5,29,hard
2013,US Open,R16,L,Robredo,29.1,40.7,47.5,54.8,36.2,40.4,50.0,47.5,54.8,52.1,51.7,65.2,50.0,11.8,26.5,40.0,-79,hard
2013,US Open,R128,W,Zemlja,36.3,51.2,67.3,69.6,44.4,51.1,66.0,67.3,69.6,64.9,30.4,41.7,50.0,16.1,32.3,65.4,13,hard
2013,Cincinnati,QF,L,Nadal,24.5,44.1,54.5,53.3,34.2,29.7,53.1,54.5,53.3,45.2,60.6,58.1,66.7,15.8,28.9,56.3,-79,hard
2013,Hamburg,SF,L,Delbonis,22.7,30.9,60.3,64.7,30.0,38.2,50.9,60.3,64.7,51.1,40.9,33.3,33.3,2.5,5.0,56.4,-92,clay
2013,Wimbledon,R64,L,Stakhovsky,33.5,50.0,59.6,65.2,43.7,42.1,59.6,59.6,65.2,56.1,39.2,52.4,50.0,11.6,25.6,50.0,-45,grass
2013,Halle,F,W,Youzhny,35.1,51.5,62.9,63.9,43.2,43.8,60.9,62.9,63.9,56.1,48.3,42.9,0.0,18.8,34.4,61.5,-33,grass
2013,Halle,QF,W,Zverev,27.3,51.5,69.6,68.8,38.2,20.0,50.0,69.6,68.8,38.0,36.4,44.4,,41.7,58.3,71.4,37,grass
2013,Roland Garros,QF,L,Tsonga,11.0,31.0,48.8,52.5,22.9,14.1,40.8,48.8,52.5,30.8,28.1,56.4,88.9,3.8,7.7,40.0,-80,clay
2013,Rome,F,L,Nadal,15.1,26.4,35.6,41.7,23.0,22.6,41.9,35.6,41.7,36.1,56.3,46.7,0.0,4.5,4.5,28.6,-79,clay
2013,Rome,SF,W,Paire,25.7,39.2,57.7,66.7,31.2,33.3,48.9,57.7,66.7,42.4,50.0,59.3,33.3,15.4,26.9,45.5,34,clay
2013,Rome,QF,W,Janowicz,36.4,50.0,57.1,53.3,43.3,40.0,56.0,57.1,53.3,49.2,42.1,51.6,50.0,25.0,31.3,66.7,-79,clay
2013,Madrid,R16,L,Nishikori,47.7,60.0,44.1,42.1,52.5,55.8,67.4,44.1,42.1,63.0,41.2,50.0,50.0,31.8,45.5,46.7,-79,clay
2013,Indian Wells,QF,L,Nadal,22.7,33.3,36.2,47.1,29.7,29.2,43.8,36.2,47.1,40.2,72.7,38.5,20.0,11.1,14.8,20.8,-79,hard
2013,Dubai,R32,W,Jaziri,51.5,63.6,55.2,50.0,56.4,66.7,77.8,55.2,50.0,75.6,50.0,27.8,,37.0,51.9,58.8,72,hard
2013,Rotterdam,R16,W,De,38.3,51.7,60.6,78.6,44.5,57.6,72.7,60.6,78.6,68.8,53.3,61.1,100.0,17.4,30.4,47.4,51,hard
2013,Australian Open,SF,L,Murray,24.6,35.1,49.6,62.2,32.1,30.2,44.3,49.6,62.2,42.4,52.0,51.8,50.0,15.9,20.6,32.1,-33,hard
2013,Australian Open,QF,W,Tsonga,21.5,40.5,62.0,70.7,33.2,22.7,48.5,62.0,70.7,41.8,46.5,46.3,33.3,20.7,29.3,47.8,-5,hard
2013,Australian Open,R16,W,Raonic,35.9,50.0,77.6,80.0,44.2,50.0,64.0,77.6,80.0,63.0,41.7,38.5,,11.1,25.9,75.0,-25,hard
2012,Tour Finals,F,L,Djokovic,23.7,36.6,46.4,42.1,30.0,33.3,45.6,46.4,42.1,43.7,36.0,43.8,0.0,8.8,23.5,51.6,-26,hard
2012,Tour Finals,SF,W,Murray,32.2,52.5,62.5,76.2,44.9,34.4,62.5,62.5,76.2,57.8,43.8,56.3,0.0,29.6,40.7,47.4,-79,hard
2012,Tour Finals,RR,W,Tipsarevic,51.2,58.5,63.2,80.0,55.1,76.2,85.7,63.2,80.0,83.8,70.0,45.5,,26.3,31.6,57.1,-3,hard
2012,Basel,F,L,del,36.0,52.3,57.1,57.1,44.1,44.0,61.3,57.1,57.1,55.9,41.7,64.1,,20.0,34.3,57.1,-37,hard
2012,Shanghai,SF,L,Murray,23.8,35.0,42.9,50.0,30.1,31.9,51.1,42.9,50.0,42.8,56.5,41.7,42.9,14.3,14.3,33.3,15,hard
2012,Shanghai,QF,W,Cilic,35.5,43.5,42.1,40.0,41.6,40.5,50.0,42.1,40.0,49.5,61.1,41.7,25.0,27.8,33.3,46.2,72,hard
2012,Shanghai,R16,W,Wawrinka,32.6,44.2,50.9,50.0,38.1,33.3,44.4,50.9,50.0,42.2,47.8,22.6,0.0,32.3,45.2,52.4,-32,hard
2012,US Open,QF,L,Berdych,28.7,44.3,48.1,55.3,36.8,35.6,56.2,48.1,55.3,48.4,62.5,56.1,50.0,17.9,25.6,37.5,29,hard
2012,US Open,R64,W,Phau,32.9,47.4,61.2,64.5,43.6,41.5,58.5,61.2,64.5,56.8,60.9,46.7,100.0,14.3,23.8,55.6,-10,hard
2012,Cincinnati,F,W,Djokovic,33.9,44.6,63.9,64.7,38.4,48.5,63.6,63.9,64.7,56.1,76.9,30.0,,13.6,18.2,63.2,-13,hard
2012,Cincinnati,SF,W,Wawrinka,25.0,42.6,73.9,76.0,36.0,30.6,55.6,73.9,76.0,51.4,53.8,30.4,0.0,22.2,33.3,71.4,88,hard
2012,London Olympics,F,L,Murray,24.4,38.5,41.4,47.1,30.9,33.3,51.0,41.4,47.1,43.3,50.0,48.0,60.0,7.7,15.4,33.3,-37,grass
2012,London Olympics,SF,W,del,40.2,52.9,52.0,46.3,46.6,53.8,67.5,52.0,46.3,63.2,29.6,63.5,66.7,12.7,23.6,58.3,-26,grass
2012,London Olympics,QF,W,Isner,28.8,47.9,62.7,65.5,37.4,37.0,56.5,62.7,65.5,50.7,53.8,39.4,0.0,15.4,34.6,59.1,-23,grass
2012,London Olympics,R16,W,Istomin,32.4,50.0,56.5,60.0,43.4,38.8,57.1,56.5,60.0,54.1,47.8,38.5,25.0,15.8,31.6,50.0,-79,grass
2012,London Olympics,R32,W,Benneteau,40.4,61.7,53.6,64.7,50.0,45.2,74.2,53.6,64.7,59.7,56.3,46.7,,31.3,37.5,36.4,-79,grass
2012,London Olympics,R64,W,Falla,32.2,42.5,48.3,55.9,37.9,37.0,44.4,48.3,55.9,46.3,55.0,52.9,66.7,25.0,40.6,37.5,-33,grass
2012,Wimbledon,F,W,Murray,22.1,39.7,59.6,66.2,33.9,27.8,50.0,59.6,66.2,44.9,57.8,46.7,50.0,10.5,18.4,47.1,-11,grass
2012,Wimbledon,SF,W,Djokovic,43.6,54.5,54.4,48.4,50.4,52.3,66.2,54.4,48.4,62.9,41.4,41.7,0.0,27.8,33.3,61.5,-79,grass
2012,Wimbledon,QF,W,Youzhny,30.3,48.5,63.0,79.2,37.3,41.5,61.0,63.0,79.2,52.7,63.2,54.5,0.0,12.0,28.0,45.5,-79,grass
2012,Halle,F,L,Haas,28.6,41.7,49.1,56.8,37.5,36.2,51.7,49.1,56.8,49.1,38.5,65.6,100.0,13.0,21.7,35.0,9,grass
2012,Roland Garros,SF,L,Djokovic,24.4,31.4,37.1,35.3,27.0,30.6,34.7,37.1,35.3,35.1,50.0,52.0,66.7,17.6,29.4,39.3,44,clay
2012,Roland Garros,QF,W,del,23.2,37.0,55.2,56.1,30.1,29.6,44.4,55.2,56.1,41.5,50.0,46.8,50.0,14.3,26.8,54.2,-53,clay
2012,Rome,SF,L,Djokovic,26.2,36.9,50.0,61.1,32.8,43.8,59.4,50.0,61.1,57.2,60.0,58.8,33.3,9.1,15.2,43.3,-79,clay
2012,Rome,R32,W,Berlocq,22.2,46.3,66.7,76.0,31.9,26.5,50.0,66.7,76.0,41.8,38.5,66.7,100.0,15.0,40.0,52.9,-79,clay
2012,Madrid,F,W,Berdych,39.4,50.0,41.0,50.0,46.5,50.0,64.7,41.0,50.0,60.9,36.4,60.0,75.0,20.6,23.5,29.6,5,clay
2012,Madrid,SF,W,Tipsarevic,39.2,54.9,67.9,57.1,47.8,41.7,52.8,67.9,57.1,53.9,47.1,63.2,0.0,41.7,75.0,100.0,224,clay
2012,Madrid,QF,W,Ferrer,47.8,60.9,75.0,68.8,57.4,55.6,66.7,75.0,68.8,67.8,50.0,50.0,,20.0,40.0,87.5,-79,clay
2012,Madrid,R16,W,Gasquet,40.7,57.4,53.1,72.2,49.8,51.4,64.9,53.1,72.2,64.6,60.0,54.5,0.0,17.6,41.2,28.6,-79,clay
2012,Miami,R32,L,Roddick,34.7,50.7,62.5,66.7,41.6,52.3,70.5,62.5,66.7,64.1,42.1,60.0,,10.0,23.3,59.3,-30,hard
2012,Indian Wells,F,W,Isner,32.1,50.0,80.6,90.5,42.0,40.0,54.3,80.6,90.5,55.7,33.3,56.5,0.0,21.1,47.4,66.7,65,hard
2012,Indian Wells,SF,W,Nadal,25.0,37.5,55.0,48.0,32.7,30.6,44.4,55.0,48.0,42.5,55.0,37.5,0.0,16.7,27.8,66.7,47,hard
2012,Indian Wells,R16,W,Bellucci,41.1,50.7,54.8,62.5,48.5,52.0,64.0,54.8,62.5,62.8,44.0,60.0,66.7,18.2,22.7,44.4,-13,hard
2012,Dubai,F,W,Murray,18.8,43.8,66.0,65.4,30.8,25.7,62.9,66.0,65.4,47.7,37.5,57.9,100.0,11.1,22.2,66.7,-4,hard
2012,Rotterdam,F,W,del,14.5,29.0,62.5,72.4,24.3,21.6,48.6,62.5,72.4,40.0,50.0,52.9,100.0,6.9,6.9,51.9,-49,hard
2012,Australian Open,SF,L,Nadal,24.4,36.3,52.6,54.0,31.0,27.6,42.5,52.6,54.0,37.8,57.1,32.7,33.3,20.9,27.9,50.0,79,hard
2012,Australian Open,QF,W,del,29.9,49.4,66.0,79.2,38.4,45.5,72.7,66.0,79.2,60.5,72.7,59.1,100.0,9.4,18.8,55.2,-33,hard
2011,Tour Finals,F,W,Tsonga,38.8,44.9,53.4,60.7,44.9,48.1,59.3,53.4,60.7,59.3,26.9,39.3,100.0,28.6,28.6,46.7,-10,hard
2011,Tour Finals,SF,W,Ferrer,35.6,50.8,63.2,75.0,46.4,45.9,67.6,63.2,75.0,63.2,41.2,45.0,,18.2,22.7,50.0,-79,hard
2011,Tour Finals,RR,W,Nadal,35.0,57.5,72.0,71.4,45.2,48.1,74.1,72.0,71.4,63.3,69.2,42.9,,8.3,25.0,72.7,-33,hard
2011,Paris,F,W,Tsonga,31.4,57.1,63.8,80.0,44.7,41.9,76.7,63.8,80.0,63.5,42.1,66.7,100.0,15.4,26.9,45.5,-23,hard
2011,Paris,SF,W,Berdych,23.9,50.0,78.1,87.5,43.5,25.0,62.5,78.1,87.5,53.1,33.3,52.9,,27.3,27.3,50.0,118,hard
2011,Paris,QF,W,Monaco,27.1,42.9,54.9,69.2,37.7,39.5,62.8,54.9,69.2,56.7,42.3,41.2,100.0,7.4,11.1,40.0,-79,hard
2011,Paris,R16,W,Gasquet,27.3,45.5,72.4,73.7,39.3,36.7,60.0,72.4,73.7,54.3,35.7,43.8,50.0,9.1,18.2,70.0,-26,hard
2011,Basel,F,W,Nishikori,35.9,59.0,76.0,80.0,50.8,40.0,72.0,76.0,80.0,63.2,33.3,43.8,0.0,28.6,35.7,70.0,-79,hard
2011,Basel,QF,W,Roddick,34.0,44.7,70.0,69.2,38.3,48.0,64.0,70.0,69.2,56.0,50.0,53.8,,19.0,23.8,70.6,-10,hard
2011,Davis Cup,RR,W,Hewitt,41.5,51.9,48.7,51.1,47.0,49.4,60.7,48.7,51.1,57.8,48.6,44.2,25.0,26.7,35.6,45.5,-46,hard
2011,US Open,SF,L,Djokovic,29.3,41.5,48.6,46.8,34.8,38.0,50.0,48.6,46.8,47.0,57.4,45.3,0.0,16.9,30.5,51.0,17,hard
2011,US Open,QF,W,Tsonga,32.6,43.0,53.6,62.2,40.0,39.3,52.5,53.6,62.2,49.8,37.9,50.0,50.0,17.4,21.7,36.8,42,hard
2011,US Open,R32,W,Cilic,36.1,49.1,54.5,55.6,40.9,42.9,55.6,54.5,55.6,51.1,53.1,54.8,0.0,28.6,42.9,53.3,22,hard
2011,Cincinnati,R16,W,Blake,46.3,53.7,52.4,50.0,50.2,56.5,65.2,52.4,50.0,63.5,50.0,46.2,,35.3,41.2,54.5,5,hard
2011,Cincinnati,R32,W,del,42.6,55.7,55.9,63.6,50.7,52.2,63.0,55.9,63.6,62.8,45.0,46.2,0.0,14.3,35.7,41.7,22,hard
2011,Wimbledon,QF,L,Tsonga,38.7,55.5,61.4,60.3,48.5,43.7,58.3,61.4,60.3,56.8,45.8,58.2,60.0,24.2,48.5,64.0,-35,grass
2011,Roland Garros,F,L,Nadal,23.0,37.3,45.8,53.7,30.4,32.5,51.2,45.8,53.7,44.1,64.1,39.0,28.6,6.7,13.3,35.7,-46,clay
2011,Roland Garros,SF,W,Djokovic,41.8,47.5,45.0,53.3,44.5,50.0,55.6,45.0,53.3,54.1,40.0,44.0,16.7,28.6,34.7,34.3,-20,clay
2011,Roland Garros,QF,W,Monfils,23.9,33.0,60.7,62.1,31.4,34.1,47.7,60.7,62.1,49.1,50.0,50.0,100.0,15.8,21.1,59.4,32,clay
2011,Rome,R16,L,Gasquet,26.9,49.5,65.2,70.3,38.7,37.3,64.4,65.2,70.3,55.9,28.0,64.7,100.0,9.4,25.0,58.6,-21,clay
2011,Rome,R32,W,Tsonga,28.8,45.5,55.3,62.1,39.2,34.1,54.5,55.3,62.1,49.8,26.1,71.4,80.0,18.2,27.3,44.4,-79,clay
2011,Madrid,SF,L,Nadal,15.5,39.8,47.7,57.7,27.7,17.5,47.6,47.7,57.7,37.3,60.6,43.3,71.4,12.8,28.2,32.4,-41,clay
2011,Madrid,R32,W,Lopez,39.7,52.2,62.0,66.7,49.3,41.9,57.0,62.0,66.7,55.9,58.3,52.6,33.3,37.5,45.0,52.0,27,clay
2011,Miami,SF,L,Nadal,19.0,32.8,43.5,42.3,26.0,25.7,45.7,43.5,42.3,37.4,52.9,38.9,100.0,9.1,13.6,45.0,-22,hard
2011,Indian Wells,SF,L,Djokovic,16.5,28.2,49.3,58.3,21.9,25.0,41.7,49.3,58.3,34.6,45.8,50.0,0.0,5.7,11.4,39.4,-59,hard
2011,Indian Wells,QF,W,Wawrinka,36.5,46.2,71.0,83.3,43.8,35.7,50.0,71.0,83.3,49.3,58.3,31.3,0.0,40.9,45.5,53.8,47,hard
2011,Dubai,F,L,Djokovic,31.0,37.9,33.3,35.0,34.8,42.9,48.6,33.3,35.0,49.1,50.0,42.1,33.3,13.6,22.7,31.6,-13,hard
2011,Australian Open,SF,L,Djokovic,27.6,39.0,47.4,57.5,33.0,34.4,49.2,47.4,57.5,43.8,50.0,42.4,40.0,18.2,25.0,36.1,-79,hard
2011,Australian Open,QF,W,Wawrinka,26.7,38.7,63.6,61.9,38.3,27.6,43.1,63.6,61.9,42.6,56.0,39.4,0.0,23.5,23.5,69.2,-79,hard
2011,Australian Open,R64,W,Simon,27.8,39.7,52.2,66.0,34.9,39.0,54.5,52.2,66.0,50.6,60.0,50.0,100.0,10.4,16.7,37.2,-48,hard
2011,Doha,F,W,Davydenko,31.4,54.9,70.6,69.6,46.9,32.4,64.7,70.6,69.6,55.6,62.5,44.4,,31.3,37.5,72.7,10,hard
2010,Tour Finals,F,W,Nadal,37.5,60.9,69.2,85.7,48.9,46.2,74.4,69.2,85.7,64.9,80.0,52.6,,25.0,41.7,50.0,-19,hard
2010,Tour Finals,SF,W,Djokovic,25.5,43.6,60.0,65.2,34.9,32.4,55.9,60.0,65.2,47.6,50.0,55.0,100.0,15.0,25.0,52.9,-7,hard
2010,Tour Finals,RR,W,Murray,31.8,45.5,73.3,80.0,38.6,37.5,62.5,73.3,80.0,50.0,70.0,21.4,,25.0,25.0,66.7,-79,hard
2010,Paris,SF,L,Monfils,38.5,50.0,58.1,69.4,45.5,52.6,67.1,58.1,69.4,63.8,58.8,45.2,66.7,15.6,22.2,47.4,-46,hard
2010,Basel,F,W,Djokovic,35.7,41.7,54.9,60.0,39.5,49.0,57.1,54.9,60.0,55.5,48.0,37.5,0.0,18.8,21.9,50.0,51,hard
2010,Stockholm,F,W,Mayer,25.9,46.3,62.5,77.3,38.9,33.3,57.6,62.5,77.3,54.5,44.4,53.3,,14.3,28.6,44.4,-79,hard
2010,Shanghai,F,L,Murray,23.2,33.3,39.2,50.0,30.9,27.7,42.6,39.2,50.0,38.9,51.9,65.0,50.0,15.0,15.0,17.6,32,hard
2010,Shanghai,SF,W,Djokovic,21.9,31.5,61.1,66.7,31.6,26.7,42.2,61.1,66.7,42.4,47.6,54.2,33.3,16.0,16.0,52.4,39,hard
2010,Shanghai,QF,W,Soderling,48.7,51.3,50.0,45.5,51.5,52.2,56.5,50.0,45.5,57.0,60.0,61.5,,50.0,50.0,57.1,110,hard
2010,US Open,SF,L,Djokovic,29.4,36.9,46.3,56.0,36.5,40.5,54.8,46.3,56.0,54.0,47.5,56.8,75.0,18.3,18.3,37.9,21,hard
2010,US Open,QF,W,Soderling,47.3,63.7,47.8,65.2,52.7,60.3,77.6,47.8,65.2,69.0,46.2,53.1,50.0,25.8,41.9,30.4,13,hard
2010,Cincinnati,F,W,Fish,36.4,51.8,59.4,56.8,44.5,47.9,66.2,59.4,56.8,60.4,40.7,52.3,0.0,15.8,26.3,62.5,-40,hard
2010,Cincinnati,SF,W,Baghdatis,47.1,62.7,64.0,78.6,57.6,54.8,74.2,64.0,78.6,72.3,60.0,43.8,,38.9,50.0,45.5,72,hard
2010,Cincinnati,QF,W,Davydenko,38.0,50.7,44.2,55.0,43.1,52.4,66.7,44.2,55.0,61.0,57.1,47.6,100.0,17.9,28.6,34.8,-27,hard
2010,Canada,F,L,Murray,23.9,35.8,44.0,48.3,33.9,31.0,42.9,44.0,48.3,46.9,52.2,42.1,50.0,12.5,25.0,38.1,-19,hard
2010,Canada,SF,W,Djokovic,35.8,43.2,39.0,46.4,39.7,48.1,57.4,39.0,46.4,55.0,45.8,50.0,33.3,20.5,25.6,32.3,-5,hard
2010,Canada,QF,W,Berdych,29.4,44.0,56.0,65.9,38.8,36.9,53.8,56.0,65.9,52.8,42.9,65.9,75.0,19.0,31.0,44.1,-10,hard
2010,Wimbledon,QF,L,Berdych,37.2,50.4,41.3,45.7,45.0,43.9,59.8,41.3,45.7,55.5,51.2,53.7,66.7,23.7,31.6,34.5,-40,grass
2010,Wimbledon,R128,W,Falla,31.8,49.0,58.3,61.2,38.3,44.9,61.8,58.3,61.2,56.1,56.8,44.2,80.0,14.5,34.5,55.3,24,grass
2010,Halle,F,L,Hewitt,25.6,36.0,46.2,51.1,32.7,36.5,45.9,46.2,51.1,48.5,54.5,58.5,83.3,10.2,22.4,40.9,-49,grass
2010,Halle,SF,W,Petzschner,26.7,40.0,51.9,48.3,33.2,34.1,45.5,51.9,48.3,45.2,52.4,34.8,20.0,16.7,33.3,56.0,-30,grass
2010,Roland Garros,QF,L,Soderling,39.0,47.5,43.9,48.7,43.0,48.7,57.9,43.9,48.7,54.9,42.5,55.6,50.0,25.0,33.3,37.0,1,clay
2010,Roland Garros,R16,W,Wawrinka,25.8,46.1,59.1,64.1,37.5,32.8,60.3,59.1,64.1,50.7,41.4,58.6,100.0,12.9,19.4,51.9,-79,clay
2010,Madrid,F,L,Nadal,19.3,34.1,45.1,44.2,26.9,27.1,45.8,45.1,44.2,38.5,65.5,43.3,14.3,3.4,10.3,46.4,-80,clay
2010,Madrid,SF,W,Ferrer,34.6,50.6,64.7,75.0,43.1,50.0,68.8,64.7,75.0,64.4,52.2,56.0,100.0,12.9,25.8,55.6,13,clay
2010,Australian Open,F,W,Murray,22.3,40.2,60.5,57.4,31.5,28.9,51.3,60.5,57.4,42.5,45.2,48.9,60.0,8.6,17.1,65.6,-37,hard
2010,Australian Open,SF,W,Tsonga,29.0,40.6,69.4,75.9,37.4,34.1,52.3,69.4,75.9,47.3,34.8,47.6,,20.0,20.0,60.0,-79,hard
2010,Australian Open,QF,W,Davydenko,31.1,41.0,43.8,40.5,35.9,43.2,54.1,43.8,40.5,51.1,61.0,63.6,62.5,13.6,22.7,47.4,19,hard
2010,Australian Open,R16,W,Hewitt,32.1,41.0,58.3,53.8,38.5,44.7,53.2,58.3,53.8,55.3,40.0,51.9,0.0,15.4,26.9,63.6,-79,hard
2010,Australian Open,R128,W,Andreev,34.7,45.5,45.8,55.2,38.1,48.2,60.7,45.8,55.2,54.5,57.7,53.3,20.0,21.1,31.6,36.7,32,hard
2010,Doha,SF,L,Davydenko,27.4,37.1,47.6,47.6,30.8,38.2,47.1,47.6,47.6,44.4,61.1,62.5,66.7,16.0,28.0,47.6,39,hard
2009,Tour Finals,SF,L,Davydenko,28.6,48.1,57.7,70.0,40.0,40.0,68.0,57.7,70.0,57.6,64.0,60.0,0.0,8.3,12.5,40.9,-37,hard
2009,Tour Finals,RR,W,Murray,28.4,46.3,57.4,77.8,38.5,37.2,60.5,57.4,77.8,53.0,50.0,47.6,50.0,13.0,21.7,30.0,-16,hard
2009,Tour Finals,RR,L,del,30.5,42.7,60.4,65.6,37.4,37.3,54.9,60.4,65.6,48.4,34.8,46.4,66.7,22.2,25.9,52.4,95,hard
2009,Basel,F,L,Djokovic,27.9,36.0,45.5,50.0,33.5,35.7,46.4,45.5,50.0,44.3,63.0,48.3,100.0,17.4,21.7,36.8,-16,hard
2009,Basel,QF,W,Korolev,49.1,60.0,46.4,52.6,56.9,53.7,65.9,46.4,52.6,64.1,50.0,52.4,100.0,35.7,42.9,33.3,-79,hard
2009,US Open,F,L,del,26.0,37.6,55.3,51.9,30.0,40.0,52.2,55.3,51.9,48.1,48.6,39.6,28.6,13.8,26.3,58.0,15,hard
2009,US Open,SF,W,Djokovic,33.0,45.9,58.6,65.0,38.7,36.5,52.4,58.6,65.0,46.3,46.4,37.1,0.0,30.2,39.5,50.0,20,hard
2009,US Open,QF,W,Soderling,43.0,53.1,60.0,67.6,49.2,56.5,68.2,60.0,67.6,65.9,60.6,46.2,25.0,17.5,25.0,51.5,27,hard
2009,US Open,R32,W,Hewitt,28.4,38.1,53.3,56.8,34.3,39.7,53.4,53.3,56.8,50.7,47.4,48.6,28.6,15.8,21.1,50.0,20,hard
2009,US Open,R128,W,Britton,42.0,55.1,56.8,68.0,52.2,44.4,62.2,56.8,68.0,60.0,41.7,61.9,,42.9,47.6,33.3,110,hard
2009,Cincinnati,F,W,Djokovic,41.7,50.0,51.4,64.3,44.2,58.8,67.6,51.4,64.3,63.2,60.0,52.6,50.0,19.2,26.9,42.9,-79,hard
2009,Cincinnati,SF,W,Murray,38.7,56.5,62.2,81.0,47.7,41.7,69.4,62.2,81.0,57.2,46.2,26.1,,36.0,40.0,37.5,-21,hard
2009,Cincinnati,QF,W,Hewitt,41.2,56.9,64.3,75.0,50.4,50.0,79.2,64.3,75.0,69.6,55.6,46.7,,36.0,40.0,56.3,-21,hard
2009,Canada,QF,L,Tsonga,30.7,47.5,58.8,65.7,40.7,37.5,60.7,58.8,65.7,55.5,42.3,43.3,25.0,23.3,32.6,51.5,-12,hard
2009,Wimbledon,F,W,Roddick,45.2,60.4,63.5,68.8,51.9,62.5,76.6,63.5,68.8,72.8,45.3,53.3,50.0,13.8,32.3,58.9,9,grass
2009,Wimbledon,SF,W,Haas,32.5,55.4,81.8,82.1,45.2,38.1,61.9,81.8,82.1,54.8,42.9,51.4,,15.8,36.8,81.3,-3,grass
2009,Wimbledon,QF,W,Karlovic,49.4,67.1,77.5,84.2,56.2,64.2,79.2,77.5,84.2,75.1,33.3,55.2,,27.6,51.7,71.4,19,grass
2009,Wimbledon,R16,W,Soderling,50.0,55.9,58.8,69.2,54.3,62.3,68.1,58.8,69.2,68.7,51.9,47.6,0.0,24.2,30.3,48.0,-79,grass
2009,Roland Garros,F,W,Soderling,40.5,59.5,66.7,70.4,47.8,48.1,63.5,66.7,70.4,59.2,35.0,62.5,,28.0,56.0,61.1,33,clay
2009,Roland Garros,SF,W,del,28.9,50.7,52.0,59.0,39.0,33.7,59.8,52.0,59.0,49.3,34.1,58.3,66.7,20.4,34.7,41.0,-49,clay
2009,Roland Garros,QF,W,Monfils,39.4,47.9,57.4,58.3,43.3,54.7,64.2,57.4,58.3,61.7,50.0,59.3,100.0,21.1,28.9,56.7,-40,clay
2009,Roland Garros,R16,W,Haas,35.4,55.4,63.4,74.5,47.5,42.7,70.7,63.4,74.5,61.8,51.4,51.1,50.0,23.9,30.4,48.6,-47,clay
2009,Madrid,F,W,Nadal,28.4,46.3,60.0,55.2,36.9,31.0,52.4,60.0,55.2,44.5,52.9,40.0,0.0,27.3,40.9,68.8,103,clay
2009,Madrid,SF,W,del,35.0,46.7,57.9,65.0,42.2,48.7,61.5,57.9,65.0,59.7,23.8,44.4,100.0,10.0,20.0,50.0,-13,clay
2009,Rome,SF,L,Djokovic,29.6,33.3,40.7,50.0,33.0,42.1,50.0,40.7,50.0,49.2,36.8,36.8,100.0,20.0,20.0,34.4,27,clay
2009,Miami,SF,L,Djokovic,22.5,31.3,39.7,41.2,27.3,29.2,37.5,39.7,41.2,37.1,57.1,37.0,0.0,14.3,25.0,37.5,19,hard
2009,Indian Wells,SF,L,Murray,17.6,29.7,47.5,52.9,25.8,20.9,32.6,47.5,52.9,35.1,56.5,55.0,,12.9,25.8,40.7,-79,hard
2009,Australian Open,F,L,Nadal,23.8,36.6,49.6,60.0,30.9,33.3,52.2,49.6,60.0,46.8,60.5,42.6,40.0,14.5,21.1,40.0,29,hard
2009,Australian Open,SF,W,Roddick,37.5,53.1,58.3,68.6,46.8,44.4,65.1,58.3,68.6,58.6,46.7,45.5,0.0,24.2,30.3,44.0,-79,hard
2009,Australian Open,QF,W,del,32.7,50.0,74.2,77.8,44.0,43.8,65.6,74.2,77.8,62.2,53.8,36.8,,18.8,31.3,69.2,-79,hard
2009,Australian Open,R16,W,Berdych,35.2,48.4,44.9,46.6,42.4,45.3,62.3,44.9,46.6,56.0,46.8,50.8,20.0,16.7,22.9,42.5,48,hard
2009,Doha,SF,L,Murray,21.1,41.1,56.3,59.6,31.5,24.2,48.4,56.3,59.6,40.2,54.8,48.4,0.0,17.2,31.0,50.0,49,hard
2008,Masters Cup,RR,L,Murray,23.7,33.6,41.2,40.4,29.0,31.9,43.5,41.2,40.4,42.0,50.0,58.1,75.0,15.3,23.7,42.0,-6,hard
2008,Basel,F,W,Nalbandian,46.8,59.6,70.8,66.7,54.7,58.6,75.9,70.8,66.7,71.4,52.9,50.0,,29.4,35.3,75.0,-79,hard
2008,Basel,SF,W,Lopez,53.7,61.1,47.8,50.0,55.6,80.6,87.1,47.8,50.0,83.9,35.7,52.9,50.0,19.0,28.6,47.1,53,hard
2008,Basel,R32,W,Reynolds,42.7,62.9,61.2,65.4,50.8,50.9,73.6,61.2,65.4,64.5,40.0,50.0,,32.4,50.0,56.5,5,hard
2008,Madrid,SF,L,Murray,26.5,40.8,53.5,56.8,35.3,33.3,48.5,53.5,56.8,46.4,51.5,60.6,75.0,12.9,25.8,48.1,-32,clay
2008,US Open,F,W,Murray,28.4,34.6,51.7,65.5,36.0,38.3,46.8,51.7,65.5,51.5,45.5,36.0,50.0,14.7,17.6,37.9,-79,hard
2008,US Open,SF,W,Djokovic,34.4,46.4,55.6,55.8,39.8,46.3,60.0,55.6,55.8,54.6,45.2,36.8,100.0,13.6,22.7,55.3,-45,hard
2008,US Open,QF,W,Muller,33.0,48.5,66.7,72.7,40.1,47.6,65.1,66.7,72.7,59.2,57.7,43.2,100.0,10.0,22.5,61.1,-79,hard
2008,Beijing Olympics,R32,W,Arevalo,31.9,48.9,68.8,60.0,37.4,44.4,59.3,68.8,60.0,54.1,36.4,25.0,0.0,15.0,35.0,76.5,-79,hard
2008,Wimbledon,F,L,Nadal,34.4,51.8,50.8,52.1,41.5,43.0,60.2,50.8,52.1,53.9,50.8,58.0,80.0,18.5,36.9,49.1,-34,grass
2008,Wimbledon,SF,W,Safin,45.6,57.8,59.2,53.3,51.9,51.6,66.1,59.2,53.3,60.8,42.9,50.0,,32.1,39.3,68.4,-79,grass
2008,Wimbledon,QF,W,Ancic,47.9,64.8,75.0,78.9,56.1,56.8,75.0,75.0,78.9,70.0,54.2,40.0,,40.9,59.1,69.2,-79,grass
2008,Wimbledon,R16,W,Hewitt,46.9,56.1,51.0,57.1,50.7,65.0,73.3,51.0,57.1,71.2,34.5,35.5,20.0,20.0,31.4,46.4,40,grass
2008,Wimbledon,R32,W,Gicquel,41.2,58.8,61.5,65.2,48.7,53.1,71.4,61.5,65.2,63.5,33.3,32.0,100.0,11.1,27.8,56.3,-2,grass
2008,Halle,F,W,Kohlschreiber,47.1,60.8,63.0,68.8,53.3,52.9,64.7,63.0,68.8,62.4,40.0,42.1,100.0,35.3,52.9,54.5,-79,grass
2008,Roland Garros,F,L,Nadal,10.4,15.6,33.3,40.0,18.6,15.1,20.8,33.3,40.0,27.0,45.5,38.7,37.5,0.0,4.2,20.8,-118,clay
2008,Roland Garros,SF,W,Monfils,22.8,38.2,53.8,58.3,32.5,26.5,44.9,53.8,58.3,40.0,54.9,61.7,50.0,13.2,23.7,45.5,-40,clay
2008,Roland Garros,QF,W,Gonzalez,20.0,26.3,58.5,59.5,27.2,22.2,29.6,58.5,59.5,34.8,40.0,62.1,,23.3,30.0,56.5,-79,clay
2008,Roland Garros,R32,W,Ancic,35.2,53.5,66.7,67.9,43.8,37.8,62.2,66.7,67.9,51.3,48.0,55.0,0.0,36.4,45.5,64.3,-13,clay
2008,Hamburg,F,L,Nadal,17.8,33.1,44.3,54.7,27.5,26.4,41.7,44.3,54.7,42.4,39.4,48.7,33.3,4.3,19.6,31.8,-79,clay
2008,Hamburg,SF,W,Seppi,17.4,43.5,65.8,77.8,31.1,21.7,60.9,65.8,77.8,49.1,28.6,62.5,100.0,13.0,26.1,55.0,-79,clay
2008,Monte Carlo,F,L,Nadal,20.0,26.7,35.0,41.9,27.3,31.1,42.2,35.0,41.9,43.3,56.5,45.5,0.0,3.3,3.3,27.6,-81,clay
2008,Monte Carlo,SF,W,Djokovic,21.4,38.1,57.6,73.3,31.4,28.6,57.1,57.6,73.3,48.6,60.0,54.5,0.0,14.3,19.0,44.4,-79,clay
2008,Monte Carlo,R32,W,Ramirez,25.0,29.3,53.0,53.8,33.2,32.8,37.9,53.0,53.8,45.7,32.1,46.7,66.7,12.9,16.1,51.9,11,clay
2008,Estoril,F,W,Davydenko,15.5,22.4,56.3,61.5,22.1,25.7,37.1,56.3,61.5,36.6,62.5,36.8,0.0,0.0,0.0,50.0,-118,clay
2008,Estoril,SF,W,Gremelmayr,37.0,50.7,48.9,53.1,45.6,38.5,55.8,48.9,53.1,50.6,44.0,51.9,0.0,35.0,40.0,38.5,-79,clay
2008,Indian Wells,SF,L,Fish,24.5,34.0,42.5,42.9,29.4,25.0,39.3,42.5,42.9,34.3,42.9,28.6,66.7,24.0,28.0,42.1,-79,hard
2008,Dubai,R32,L,Murray,28.4,46.6,60.0,65.0,39.8,31.0,55.2,60.0,65.0,48.3,58.3,52.9,100.0,25.9,33.3,50.0,25,hard
2008,Australian Open,SF,L,Djokovic,29.5,39.0,44.8,47.1,35.0,45.2,58.1,44.8,47.1,54.5,48.3,48.5,50.0,8.3,13.9,42.4,-31,hard
2008,Australian Open,QF,W,Blake,40.6,56.3,49.1,52.9,48.1,47.7,66.2,49.1,52.9,58.8,53.3,54.3,0.0,25.8,35.5,43.5,-79,hard
2007,Masters Cup,F,W,Ferrer,37.0,45.2,61.4,68.0,43.6,47.9,60.4,61.4,68.0,57.9,40.0,50.0,0.0,17.4,17.4,52.6,42,hard
2007,Masters Cup,SF,W,Nadal,45.8,60.4,57.7,63.2,56.0,51.3,64.1,57.7,63.2,63.8,40.0,47.4,100.0,22.2,44.4,42.9,-79,hard
2007,Basel,F,W,Nieminen,32.1,44.6,60.5,66.7,37.7,41.9,58.1,60.5,66.7,51.9,42.9,70.6,0.0,20.0,28.0,55.0,-79,hard
2007,Basel,R16,W,del,41.2,47.1,55.2,58.8,47.6,50.0,58.8,55.2,58.8,59.7,68.4,46.7,0.0,25.0,25.0,50.0,10,hard
2007,Madrid,F,L,Nalbandian,32.1,43.2,46.3,57.1,37.7,41.7,60.4,46.3,57.1,51.0,40.9,53.8,66.7,18.8,18.8,34.6,-33,clay
2007,Madrid,SF,W,Kiefer,45.1,64.7,64.3,80.0,55.3,55.9,79.4,64.3,80.0,71.2,42.9,30.0,,23.5,35.3,46.2,-79,clay
2007,US Open,F,W,Djokovic,34.0,46.2,63.1,61.8,39.5,46.0,57.1,63.1,61.8,55.4,56.7,27.3,33.3,18.4,34.2,64.5,65,hard
2007,US Open,SF,W,Davydenko,25.9,38.9,44.2,38.2,31.8,43.3,58.3,44.2,38.2,53.8,48.4,44.8,33.3,4.4,15.6,48.8,-72,hard
2007,US Open,QF,W,Roddick,37.6,52.5,63.5,65.7,44.4,43.5,59.7,63.5,65.7,54.5,44.4,42.9,,28.2,41.0,60.7,-79,hard
2007,US Open,R64,W,Capdeville,27.8,43.1,66.7,65.6,36.5,28.9,48.9,66.7,65.6,42.9,40.9,39.1,,26.9,34.6,68.4,-23,hard
2007,Cincinnati,F,W,Blake,39.4,47.0,47.4,63.2,45.2,53.7,63.4,47.4,63.2,62.9,17.4,50.0,100.0,17.4,21.7,31.6,42,hard
2007,Cincinnati,SF,W,Hewitt,38.4,50.0,49.3,50.0,45.1,42.9,55.7,49.3,50.0,53.6,29.7,51.5,50.0,32.5,42.5,48.1,-7,hard
2007,Canada,F,L,Djokovic,33.7,43.6,50.0,58.3,40.5,47.1,60.3,50.0,58.3,57.2,34.5,56.4,0.0,6.3,9.4,40.0,-51,hard
2007,Canada,SF,W,Stepanek,46.0,55.6,52.9,66.7,49.5,60.5,65.8,52.9,66.7,66.3,23.1,48.0,100.0,24.0,40.0,42.1,-79,hard
2007,Wimbledon,F,W,Nadal,37.2,48.7,51.6,49.2,43.3,43.2,54.1,51.6,49.2,51.9,47.9,52.4,57.1,23.8,38.1,56.3,22,grass
2007,Wimbledon,SF,W,Gasquet,41.1,57.8,56.6,53.3,47.9,53.1,70.3,56.6,53.3,62.7,45.2,57.6,100.0,11.5,26.9,60.9,-79,grass
2007,Wimbledon,QF,W,Ferrero,37.2,54.9,54.3,62.9,43.9,47.8,68.7,54.3,62.9,59.1,37.9,39.5,100.0,22.2,35.6,45.7,-46,grass
2007,Wimbledon,R64,W,del,28.0,41.3,64.1,70.8,37.2,42.9,64.3,64.1,70.8,59.3,52.6,56.5,0.0,16.7,22.2,53.3,1,grass
2007,Roland Garros,F,L,Nadal,24.6,39.0,50.0,49.0,30.3,34.7,49.3,50.0,49.0,43.6,42.1,54.1,0.0,7.1,21.4,51.3,-44,clay
2007,Roland Garros,SF,W,Davydenko,26.8,45.7,51.0,63.8,36.3,36.5,62.2,51.0,63.8,54.2,35.1,56.8,63.6,16.4,27.9,39.2,-8,clay
2007,Roland Garros,QF,W,Robredo,31.0,42.5,56.7,71.4,41.1,45.1,60.8,56.7,71.4,62.4,50.0,65.5,100.0,11.1,16.7,43.8,-79,clay
2007,Hamburg,F,W,Nadal,21.9,34.2,52.6,65.4,29.2,29.7,48.6,52.6,65.4,44.1,38.9,42.1,50.0,13.9,19.4,41.9,-79,clay
2007,Hamburg,SF,W,Moya,17.9,34.9,54.8,53.6,28.9,16.4,40.3,54.8,53.6,33.7,41.4,50.0,25.0,22.2,27.8,57.1,37,clay
2007,Rome,R16,L,Volandri,25.9,27.8,38.9,41.7,29.3,50.0,50.0,38.9,41.7,57.5,60.0,42.9,0.0,7.7,11.5,37.5,-45,clay
2007,Monte Carlo,F,L,Nadal,19.7,36.4,53.1,60.0,29.2,28.6,54.3,53.1,60.0,46.6,52.9,44.4,33.3,11.1,18.5,45.8,-12,clay
2007,Monte Carlo,SF,W,Ferrero,16.9,38.5,60.4,63.0,26.5,28.9,55.3,60.4,63.0,45.3,66.7,50.0,100.0,0.0,15.4,57.7,-118,clay
2007,Miami,R16,L,Canas,24.7,41.2,58.3,58.3,33.2,33.3,48.1,58.3,58.3,48.5,56.5,48.4,0.0,14.3,33.3,58.3,-44,hard
2007,Dubai,F,W,Youzhny,19.1,25.5,59.1,75.0,26.2,29.4,47.1,59.1,75.0,48.8,40.0,66.7,,28.6,28.6,40.0,-79,hard
2007,Dubai,QF,W,Djokovic,26.0,44.0,57.5,62.5,38.2,33.3,60.0,57.5,62.5,53.7,51.9,51.5,66.7,15.4,20.5,51.5,-41,hard
2007,Australian Open,F,W,Gonzalez,26.7,46.5,74.2,73.5,36.4,32.0,58.0,74.2,73.5,48.6,47.8,55.6,100.0,20.0,31.4,75.0,-37,hard
2007,Australian Open,SF,W,Roddick,28.6,44.4,67.4,64.7,35.1,48.5,69.7,67.4,64.7,60.9,64.3,36.8,100.0,7.1,17.9,69.2,-45,hard
2007,Australian Open,QF,W,Robredo,22.3,38.3,58.3,56.1,32.8,31.7,48.3,58.3,56.1,48.0,48.1,57.6,66.7,6.1,21.2,61.3,-53,hard
2007,Australian Open,R16,W,Djokovic,35.0,48.8,62.7,58.6,42.5,46.3,57.4,62.7,58.6,57.4,60.9,41.9,0.0,12.0,32.0,68.2,-21,hard
2006,Masters Cup,F,W,Blake,37.2,50.0,50.9,48.4,43.8,47.5,62.7,50.9,48.4,57.1,44.8,63.3,25.0,15.4,23.1,54.5,-23,hard
2006,Masters Cup,SF,W,Nadal,28.3,53.3,64.1,78.3,41.0,37.8,75.7,64.1,78.3,58.4,56.3,57.1,,15.8,21.1,43.8,25,hard
2006,Masters Cup,RR,W,Roddick,24.3,39.3,63.6,68.2,33.2,31.3,51.6,63.6,68.2,46.1,37.0,45.9,0.0,15.4,23.1,57.6,35,hard
2006,Basel,F,W,Gonzalez,47.7,61.6,64.3,67.7,56.2,50.8,68.3,64.3,67.7,62.4,46.2,43.2,0.0,45.0,50.0,54.5,-7,hard
2006,Basel,R32,W,Zib,47.4,52.6,70.0,76.9,51.8,51.9,55.6,70.0,76.9,58.1,50.0,66.7,,36.4,45.5,57.1,-79,hard
2006,Madrid,F,W,Gonzalez,38.3,50.6,60.4,55.0,43.7,55.6,64.4,60.4,55.0,65.3,26.3,57.7,100.0,17.6,35.3,64.3,5,clay
2006,Madrid,SF,W,Nalbandian,43.9,58.5,47.8,50.0,51.2,55.6,77.8,47.8,50.0,66.7,54.5,56.3,,21.4,21.4,45.5,-79,clay
2006,Madrid,R32,W,Massu,22.3,32.1,62.2,60.0,29.1,34.4,47.5,62.2,60.0,46.9,18.5,41.2,20.0,10.5,18.4,64.7,-11,clay
2006,Tokyo,F,W,Henman,39.1,52.2,65.2,53.8,42.8,43.5,47.8,65.2,53.8,50.9,25.0,66.7,,44.4,72.2,80.0,1,hard
2006,Tokyo,QF,W,Suzuki,45.5,56.8,60.4,74.2,54.3,48.3,58.3,60.4,74.2,61.3,41.4,48.4,,39.3,53.6,35.3,-79,hard
2006,Tokyo,R16,W,Moodie,40.0,52.5,70.8,73.3,49.5,44.4,59.3,70.8,73.3,58.5,64.3,38.5,,30.8,38.5,66.7,-79,hard
2006,Davis Cup,RR,W,Djokovic,37.0,49.4,51.0,46.4,43.7,50.0,60.7,51.0,46.4,59.6,39.3,60.7,0.0,8.7,26.1,57.1,-26,hard
2006,US Open,F,W,Roddick,27.2,45.6,60.0,74.4,37.5,38.1,60.3,60.0,74.4,54.9,56.7,54.5,100.0,10.0,22.5,44.4,-79,hard
2006,US Open,SF,W,Davydenko,34.6,45.7,55.8,60.0,43.3,43.4,56.6,55.8,60.0,56.8,45.8,44.8,,18.5,25.9,50.0,-25,hard
2006,US Open,QF,W,Blake,35.8,50.4,48.2,63.3,44.1,41.0,62.7,48.2,63.3,54.7,48.5,58.0,40.0,30.6,34.7,26.5,35,hard
2006,US Open,R16,W,Gicquel,41.5,51.1,60.4,51.9,46.1,55.0,63.3,60.4,51.9,62.2,46.4,59.4,0.0,18.8,31.3,69.2,10,hard
2006,US Open,R128,W,Wang,32.8,46.9,54.1,80.0,44.7,42.9,65.7,54.1,80.0,64.6,52.9,72.2,100.0,26.1,30.4,23.5,-16,hard
2006,Cincinnati,R32,L,Murray,17.1,27.6,40.7,41.9,22.5,26.2,42.9,40.7,41.9,36.0,57.1,52.4,50.0,6.7,10.0,39.3,-51,hard
2006,Canada,F,W,Gasquet,19.3,34.1,56.7,63.9,27.2,28.0,46.0,56.7,63.9,41.8,65.2,55.6,66.7,8.8,20.6,48.4,-31,hard
2006,Canada,SF,W,Gonzalez,21.0,39.5,65.6,66.7,33.7,22.2,42.6,65.6,66.7,41.3,30.4,64.5,100.0,20.8,37.5,63.2,86,hard
2006,Wimbledon,F,W,Nadal,39.5,52.9,52.1,54.8,48.0,48.8,64.6,52.1,54.8,61.1,61.8,50.0,0.0,19.4,27.8,48.3,-38,grass
2006,Wimbledon,SF,W,Bjorkman,40.7,57.6,62.9,69.6,51.2,46.5,69.8,62.9,69.6,60.9,52.6,37.5,,25.0,25.0,50.0,-79,grass
2006,Wimbledon,QF,W,Ancic,35.6,50.6,58.2,57.7,43.3,48.0,70.0,58.2,57.7,61.4,39.1,55.6,0.0,19.4,25.0,58.6,-38,grass
2006,Wimbledon,R128,W,Gasquet,34.3,52.9,68.9,74.1,47.3,44.9,67.3,68.9,74.1,63.5,39.1,53.8,,10.0,20.0,61.1,-13,grass
2006,Halle,F,W,Berdych,34.7,43.1,62.5,66.7,41.5,52.3,63.6,62.5,66.7,63.4,36.4,63.6,,9.5,14.3,57.9,-26,grass
2006,Roland Garros,F,L,Nadal,21.0,29.4,52.7,53.7,27.6,26.0,34.2,52.7,53.7,36.7,75.0,48.8,50.0,13.3,22.2,51.3,-46,clay
2006,Roland Garros,SF,W,Nalbandian,15.3,34.7,60.0,74.3,28.7,14.6,41.5,60.0,74.3,38.3,50.0,65.2,100.0,16.7,26.7,40.0,-30,clay
2006,Roland Garros,QF,W,Ancic,23.9,41.3,59.7,54.1,32.3,31.5,55.6,59.7,54.1,45.7,33.3,63.3,57.1,16.7,26.7,68.0,-79,clay
2006,Roland Garros,R128,W,Hartfield,14.6,24.3,60.3,63.0,21.8,22.0,37.3,60.3,63.0,34.7,37.5,45.7,0.0,6.9,10.3,55.6,-47,clay
2006,Rome,F,L,Nadal,17.2,35.6,60.4,70.1,27.1,21.6,45.0,60.4,70.1,37.7,48.9,39.1,25.0,10.1,20.3,46.8,-79,clay
2006,Rome,SF,W,Nalbandian,25.6,36.8,42.4,48.5,32.2,41.1,53.6,42.4,48.5,54.8,26.1,54.5,50.0,11.9,22.0,38.5,-29,clay
2006,Rome,QF,W,Almagro,27.0,40.5,54.4,52.4,33.7,39.1,53.6,54.4,52.4,49.9,36.0,77.3,40.0,7.5,20.0,56.8,-39,clay
2006,Monte Carlo,F,L,Nadal,14.0,30.1,51.7,57.5,25.9,13.1,38.1,51.7,57.5,33.5,50.0,56.5,50.0,15.8,19.3,41.7,-3,clay
2006,Monte Carlo,SF,W,Gonzalez,25.0,50.0,66.7,70.4,37.9,25.0,55.6,66.7,70.4,43.6,33.3,66.7,100.0,25.0,37.5,58.3,-79,clay
2006,Monte Carlo,R16,W,Balleret,38.6,50.0,74.1,71.4,42.5,53.3,56.7,74.1,71.4,59.0,33.3,46.7,50.0,7.1,35.7,76.9,-79,clay
2006,Monte Carlo,R64,W,Djokovic,31.0,40.8,53.1,50.0,38.0,44.4,55.6,53.1,50.0,58.3,52.9,57.9,100.0,17.1,25.7,55.2,-79,clay
2006,Miami,F,W,Ljubicic,30.6,40.3,59.0,60.0,36.2,35.9,47.4,59.0,60.0,44.7,47.1,52.3,33.3,23.3,30.2,57.6,20,hard
2006,Miami,SF,W,Ferrer,26.9,44.2,62.2,66.7,39.0,31.4,57.1,62.2,66.7,49.4,46.2,63.6,100.0,18.8,18.8,53.8,10,hard
2006,Indian Wells,F,W,Blake,32.9,53.2,55.8,66.7,42.0,41.3,67.4,55.8,66.7,57.0,42.9,72.0,100.0,21.9,34.4,44.0,-33,hard
2006,Indian Wells,SF,W,Srichaphan,30.0,50.0,54.3,52.0,40.6,30.6,50.0,54.3,52.0,45.3,33.3,72.2,,28.6,50.0,60.0,-79,hard
2006,Dubai,F,L,Nadal,27.5,39.1,60.0,66.7,35.7,41.5,51.2,60.0,66.7,55.1,36.4,63.2,,7.1,21.4,53.8,-79,hard
2006,Dubai,QF,W,Vik,42.9,46.4,46.7,55.0,51.1,48.7,53.8,46.7,55.0,60.5,52.4,55.6,33.3,33.3,33.3,30.0,16,hard
2006,Australian Open,F,W,Baghdatis,22.2,34.0,53.8,59.3,31.0,30.8,46.2,53.8,59.3,46.9,32.4,53.7,0.0,13.3,21.7,48.1,15,hard
2006,Australian Open,SF,W,Kiefer,28.3,50.0,62.0,60.0,39.5,27.5,55.1,62.0,60.0,44.8,35.7,53.7,100.0,34.4,46.9,66.7,126,hard
2006,Australian Open,QF,W,Davydenko,27.3,40.3,53.5,60.7,35.0,34.1,49.4,53.5,60.7,46.7,50.0,60.0,0.0,16.7,25.9,44.4,-79,hard
2006,Australian Open,R16,W,Haas,19.7,39.4,60.0,71.2,31.3,23.4,50.6,60.0,71.2,43.2,32.4,65.1,50.0,14.8,24.1,45.7,-52,hard
2006,Australian Open,R128,W,Istomin,38.8,46.3,57.5,71.4,46.3,37.8,46.7,57.5,71.4,48.9,40.0,52.0,0.0,42.9,47.6,25.0,-79,hard
2006,Doha,F,W,Monfils,30.4,40.6,52.1,47.8,36.8,42.5,52.5,52.1,47.8,53.5,40.0,60.0,50.0,13.8,24.1,56.0,-79,hard
2005,Masters Cup,F,L,Nalbandian,22.9,36.7,43.8,53.2,31.6,30.1,49.6,43.8,53.2,44.6,36.7,60.9,50.0,13.4,19.4,31.0,14,hard
2005,Masters Cup,SF,W,Gaudio,30.6,44.4,60.0,60.0,36.7,44.4,55.6,60.0,60.0,56.7,60.0,37.5,,16.7,33.3,60.0,-79,hard
2005,Masters Cup,RR,W,Coria,26.6,42.2,46.7,51.6,36.4,32.6,52.2,46.7,51.6,46.3,52.2,39.1,50.0,12.5,18.8,35.7,4,hard
2005,Bangkok,F,W,Murray,22.4,34.3,64.0,61.5,30.6,27.8,41.7,64.0,61.5,43.1,31.6,76.5,100.0,17.2,27.6,66.7,19,hard
2005,Bangkok,R32,W,Daniel,32.8,46.9,58.8,65.0,39.4,44.4,61.1,58.8,65.0,56.1,37.5,55.0,100.0,26.3,42.1,50.0,-3,hard
2005,Davis Cup,RR,W,Mackin,40.7,57.6,57.6,66.7,50.3,52.6,76.3,57.6,66.7,67.6,38.9,35.0,0.0,21.1,26.3,46.7,65,hard
2005,US Open,F,W,Agassi,40.2,53.3,50.0,50.0,45.6,48.1,58.0,50.0,50.0,55.3,34.3,54.3,50.0,15.4,38.5,50.0,-79,hard
2005,US Open,SF,W,Hewitt,26.7,46.0,51.9,54.0,35.2,30.8,54.9,51.9,54.0,44.8,63.4,50.0,28.6,21.1,33.3,48.9,-28,hard
2005,US Open,QF,W,Nalbandian,37.8,50.0,50.0,58.8,42.2,56.4,66.7,50.0,58.8,64.6,63.2,65.0,50.0,18.2,33.3,44.4,-79,hard
2005,Cincinnati,F,W,Roddick,42.0,52.0,60.7,75.0,48.6,50.0,59.4,60.7,75.0,60.3,56.3,37.5,0.0,29.4,41.2,41.7,5,hard
2005,Cincinnati,SF,W,Ginepri,41.6,58.4,65.9,66.7,47.0,56.3,68.8,65.9,66.7,65.0,46.2,54.5,0.0,17.9,42.9,65.2,-27,hard
2005,Wimbledon,F,W,Roddick,34.2,53.2,67.3,67.9,44.4,42.9,61.2,67.3,67.9,59.4,44.0,45.8,0.0,20.0,40.0,66.7,-79,grass
2005,Wimbledon,SF,W,Hewitt,33.0,42.6,61.7,73.1,38.1,46.9,59.2,61.7,73.1,56.7,45.8,68.0,,19.0,26.2,52.9,22,grass
2005,Wimbledon,QF,W,Gonzalez,34.8,56.2,62.1,57.1,43.0,47.2,67.9,62.1,57.1,60.9,45.5,38.7,100.0,16.7,38.9,66.7,-79,grass
2005,Wimbledon,R16,W,Ferrero,37.3,51.0,54.0,62.9,46.8,47.0,63.6,54.0,62.9,61.7,56.0,53.7,50.0,20.0,28.6,42.9,-37,grass
2005,Wimbledon,R64,W,Minar,47.2,63.9,64.9,68.0,57.6,53.7,70.4,64.9,68.0,67.6,40.0,51.7,0.0,29.4,47.1,58.3,5,grass
2005,Halle,F,W,Safin,41.2,51.5,57.1,44.4,45.6,54.2,64.4,57.1,44.4,61.4,58.1,50.0,0.0,21.6,32.4,69.0,-39,grass
2005,Roland Garros,SF,L,Nadal,15.3,33.1,48.4,53.4,25.4,20.5,45.2,48.4,53.4,37.0,51.5,62.5,66.7,7.5,15.0,40.5,-45,clay
2005,Roland Garros,QF,W,Hanescu,23.9,40.2,64.4,65.4,31.8,39.5,65.1,64.4,65.4,56.5,22.2,64.0,,13.2,23.7,63.6,4,clay
2005,Hamburg,F,W,Gasquet,28.8,48.6,66.7,61.9,38.8,36.4,59.1,66.7,61.9,53.2,57.1,60.5,66.7,19.5,36.6,72.7,56,clay
2005,Hamburg,SF,W,Davydenko,25.8,48.4,56.5,53.8,36.6,31.6,60.5,56.5,53.8,49.2,55.6,50.0,33.3,16.7,29.2,60.0,-79,clay
2005,Monte Carlo,QF,L,Gasquet,19.6,33.9,47.2,51.9,29.4,25.7,41.4,47.2,51.9,41.3,37.5,63.2,66.7,9.8,22.0,40.5,-43,clay
2005,Miami,F,W,Nadal,20.5,35.8,59.5,66.7,31.5,23.3,46.7,59.5,66.7,41.7,71.1,61.5,25.0,19.2,23.1,47.6,62,hard
2005,Miami,SF,W,Agassi,36.4,43.9,57.5,56.0,43.0,40.5,50.0,57.5,56.0,51.0,33.3,50.0,33.3,31.8,36.4,60.0,47,hard
2005,Indian Wells,F,W,Hewitt,39.3,51.2,56.3,60.9,44.8,52.1,68.8,56.3,60.9,61.7,34.8,52.0,50.0,24.2,30.3,52.0,47,hard
2005,Indian Wells,SF,W,Canas,26.8,39.3,51.3,42.9,32.7,38.2,47.1,51.3,42.9,47.9,42.9,50.0,0.0,10.0,30.0,61.1,-18,hard
2005,Dubai,F,W,Ljubicic,35.3,48.0,50.0,45.9,40.0,42.2,51.6,50.0,45.9,49.7,36.0,59.0,33.3,25.0,44.4,55.6,1,hard
2005,Dubai,SF,W,Agassi,43.1,54.9,53.8,46.7,49.4,54.5,66.7,53.8,46.7,64.2,46.7,38.9,50.0,26.7,40.0,63.6,126,hard
2005,Rotterdam,F,W,Ljubicic,36.1,54.6,66.7,71.4,46.9,48.5,70.6,66.7,71.4,64.0,55.2,64.1,50.0,7.4,18.5,60.0,-42,hard
2005,Australian Open,SF,L,Safin,33.0,50.5,56.8,67.8,41.3,44.9,67.3,56.8,67.8,59.4,47.2,57.4,75.0,19.2,31.5,45.8,70,hard
2005,Australian Open,QF,W,Agassi,46.5,59.6,51.0,44.4,51.4,59.1,66.7,51.0,44.4,66.5,50.0,63.9,50.0,24.1,51.7,59.1,105,hard
2005,Australian Open,R128,W,Santoro,20.0,35.0,66.7,72.0,31.0,30.6,47.2,66.7,72.0,48.9,80.0,47.6,100.0,6.7,26.7,57.1,-49,hard
2005,Doha,F,W,Ljubicic,36.4,47.7,60.7,65.0,43.4,35.5,51.6,60.7,65.0,45.5,41.7,47.4,0.0,38.5,38.5,50.0,-79,hard
2004,Masters Cup,F,W,Hewitt,36.2,51.1,63.3,73.3,46.8,50.0,63.3,63.3,73.3,66.7,71.4,43.8,,11.8,29.4,53.3,-79,hard
2004,Masters Cup,SF,W,Safin,29.6,37.0,59.6,64.5,37.2,38.0,48.0,59.6,64.5,50.2,45.0,60.0,100.0,16.1,19.4,53.8,-79,hard
2004,Masters Cup,RR,W,Hewitt,30.2,39.7,59.1,50.0,36.2,43.6,53.8,59.1,50.0,53.3,36.4,41.2,50.0,8.3,16.7,68.2,-79,hard
2004,Bangkok,F,W,Roddick,34.6,50.0,55.2,50.0,40.6,44.8,62.1,55.2,50.0,55.5,33.3,47.1,100.0,27.8,44.4,61.5,72,hard
2004,Bangkok,R16,W,Heuberger,37.0,45.7,60.0,66.7,41.5,47.8,60.9,60.0,66.7,57.0,40.0,46.2,50.0,31.6,36.8,53.8,-3,hard
2004,Bangkok,R32,W,Thomann,42.0,52.2,54.5,63.2,46.7,54.8,64.3,54.5,63.2,62.4,41.2,44.0,0.0,30.0,45.0,42.9,59,hard
2004,US Open,F,W,Hewitt,27.0,34.8,56.3,59.3,33.7,44.9,57.1,56.3,59.3,57.1,66.7,50.0,50.0,5.1,7.7,54.1,-63,hard
2004,US Open,SF,W,Henman,38.1,50.0,56.0,55.2,41.3,45.3,50.9,56.0,55.2,50.4,62.5,62.1,0.0,27.6,51.7,57.1,19,hard
2004,US Open,QF,W,Agassi,35.4,46.8,49.5,51.9,42.4,46.0,62.0,49.5,51.9,57.0,50.0,57.1,33.3,20.4,24.5,46.2,72,hard
2004,Canada,F,W,Roddick,36.9,43.1,57.5,41.2,40.2,55.3,63.2,57.5,41.2,60.8,60.0,55.6,66.7,11.5,15.4,69.6,-23,hard
2004,Canada,SF,W,Johansson,50.6,61.0,48.6,55.6,54.7,60.9,71.7,48.6,55.6,67.6,57.9,40.7,0.0,36.7,46.7,42.1,-30,hard
2004,Gstaad,F,W,Andreev,32.7,48.5,60.3,57.1,38.3,47.2,64.2,60.3,57.1,57.9,65.2,46.7,0.0,16.7,31.3,62.5,-79,clay
2004,Gstaad,QF,W,Stepanek,27.8,47.8,54.1,64.5,37.1,39.2,62.7,54.1,64.5,55.7,57.1,43.5,66.7,14.3,31.4,43.3,23,clay
2004,Gstaad,R32,W,Behrend,47.1,55.9,61.5,50.0,48.5,76.5,82.4,61.5,50.0,79.4,33.3,54.5,,25.0,41.7,66.7,37,clay
2004,Wimbledon,F,W,Roddick,29.9,46.1,49.5,50.8,36.8,36.5,51.0,49.5,50.8,47.5,50.0,68.8,66.7,20.0,40.0,47.7,-1,grass
2004,Wimbledon,SF,W,Grosjean,27.5,41.8,57.1,61.8,34.1,34.6,46.2,57.1,61.8,46.2,38.1,38.7,0.0,19.4,38.9,51.7,37,grass
2004,Wimbledon,QF,W,Hewitt,35.2,40.0,45.7,44.7,39.7,47.9,53.4,45.7,44.7,55.6,44.7,45.7,66.7,17.3,21.2,46.5,-79,grass
2004,Wimbledon,R16,W,Karlovic,42.7,57.3,69.8,65.8,50.4,47.2,61.1,69.8,65.8,57.5,39.3,52.3,100.0,31.8,50.0,80.0,-13,grass
2004,Wimbledon,R128,W,Bogdanovic,39.1,54.7,71.0,68.4,45.5,52.5,70.0,71.0,68.4,62.7,33.3,40.9,,25.0,43.8,75.0,102,grass
2004,Halle,F,W,Fish,33.3,47.6,67.9,70.6,42.1,43.3,60.0,67.9,70.6,55.7,54.5,57.9,,8.3,16.7,63.6,-79,grass
2004,Roland Garros,R32,L,Kuerten,29.5,36.8,46.2,50.0,33.9,42.4,52.5,46.2,50.0,49.5,54.2,62.9,100.0,8.8,11.8,41.9,-26,clay
2004,Hamburg,F,W,Coria,26.4,38.7,57.6,58.1,32.8,42.6,61.1,57.6,58.1,55.2,54.5,53.1,0.0,12.5,20.0,57.1,-79,clay
2004,Hamburg,SF,W,Hewitt,41.5,48.8,58.3,60.0,48.3,46.4,53.6,58.3,60.0,56.4,60.0,66.7,,30.8,38.5,55.6,-79,clay
2004,Miami,R32,L,Nadal,28.6,41.1,47.4,38.1,31.3,36.4,45.5,47.4,38.1,40.9,61.5,45.0,75.0,19.0,38.1,58.8,53,hard
2004,Indian Wells,F,W,Henman,44.4,48.9,64.0,69.2,48.2,51.9,55.6,64.0,69.2,58.1,38.5,57.1,,33.3,38.9,58.3,-79,hard
2004,Indian Wells,SF,W,Agassi,40.0,56.5,63.0,64.0,46.0,49.0,67.3,63.0,64.0,59.4,34.8,53.8,50.0,32.3,48.4,61.9,131,hard
2004,Dubai,F,W,Lopez,41.8,56.7,59.0,60.9,49.0,46.5,60.5,59.0,60.9,57.7,70.0,69.6,,33.3,50.0,56.3,-79,hard
2004,Australian Open,F,W,Safin,32.2,42.2,54.2,55.6,38.1,43.8,58.3,54.2,55.6,54.8,47.8,60.0,,20.0,25.0,53.1,-7,hard
2004,Australian Open,SF,W,Ferrero,37.3,53.0,56.9,68.8,46.7,46.7,66.7,56.9,68.8,59.7,56.0,48.6,100.0,13.6,18.2,36.8,-13,hard
2004,Australian Open,QF,W,Nalbandian,38.6,52.8,48.0,59.4,44.7,57.9,73.7,48.0,59.4,68.2,59.5,56.4,50.0,10.4,22.9,39.5,-10,hard
2004,Australian Open,R16,W,Hewitt,31.6,45.3,53.9,56.1,40.7,40.6,60.9,53.9,56.1,55.9,60.0,56.4,75.0,20.5,25.0,51.4,47,hard
2004,Australian Open,R32,W,Reid,26.3,43.9,64.1,63.6,33.7,29.0,48.4,64.1,63.6,42.6,20.0,71.4,,26.1,43.5,64.7,96,hard
2004,Australian Open,R128,W,Bogomolov,31.7,38.3,70.0,57.1,37.2,48.1,59.3,70.0,57.1,60.4,30.8,28.6,,50.0,58.3,100.0,137,hard
2003,Masters Cup,F,W,Agassi,35.7,51.4,70.0,66.7,41.9,54.5,69.7,70.0,66.7,67.6,53.8,60.0,,21.9,40.6,72.0,90,hard
2003,Masters Cup,SF,W,Roddick,48.2,67.9,70.4,66.7,55.5,62.5,84.4,70.4,66.7,75.3,31.6,53.8,,31.8,50.0,73.3,47,hard
2003,Masters Cup,RR,W,Agassi,31.5,45.2,43.0,56.8,37.8,43.1,60.0,43.0,56.8,55.2,50.0,51.5,50.0,20.8,32.1,31.0,75,hard
2003,Masters Cup,RR,W,Ferrero,42.9,46.9,55.6,53.8,47.3,53.6,60.7,55.6,53.8,61.4,58.3,50.0,33.3,30.0,30.0,57.1,-7,hard
2003,Paris,QF,L,Henman,25.9,48.1,50.0,52.9,33.5,43.3,66.7,50.0,52.9,57.0,75.0,50.0,0.0,4.5,27.3,47.6,-72,hard
2003,Madrid,SF,L,Ferrero,32.6,50.0,61.5,63.3,41.9,44.4,63.0,61.5,63.3,59.3,33.3,37.0,0.0,15.4,34.6,59.1,19,clay
2003,Madrid,QF,W,Lopez,32.7,51.0,56.5,66.7,40.5,47.1,72.5,56.5,66.7,62.2,65.2,57.1,0.0,18.6,30.2,48.6,50,clay
2003,Vienna,F,W,Moya,29.8,46.4,64.9,74.3,41.7,36.4,61.8,64.9,74.3,54.5,50.0,44.4,,18.5,18.5,50.0,25,hard
2003,Davis Cup,RR,L,Hewitt,27.0,38.4,50.0,54.4,33.1,39.4,52.1,50.0,54.4,49.6,44.0,63.6,66.7,10.2,20.3,45.3,-16,hard
2003,US Open,R16,L,Nalbandian,30.1,37.8,38.5,43.5,35.7,41.8,53.2,38.5,43.5,52.0,48.8,42.1,37.5,16.7,20.0,34.0,16,hard
2003,US Open,R64,W,Lisnard,42.6,60.7,60.6,64.7,50.3,57.5,75.0,60.6,64.7,69.3,27.8,45.5,0.0,15.8,36.8,56.3,39,hard
2003,Canada,SF,L,Roddick,27.0,40.0,61.9,75.8,37.4,40.0,58.2,61.9,75.8,58.9,60.0,57.1,20.0,14.3,22.9,46.7,4,hard
2003,Canada,R16,W,Robredo,39.3,51.8,65.6,60.0,43.0,48.3,58.6,65.6,60.0,55.5,41.7,52.9,,32.0,48.0,70.6,-21,hard
2003,Canada,R32,W,Rusedski,25.0,46.2,63.2,71.4,38.5,22.2,51.9,63.2,71.4,48.1,58.3,73.3,,29.2,41.7,52.9,-19,hard
2003,Gstaad,F,L,Novak,27.7,45.3,50.0,52.9,34.9,38.6,61.4,50.0,52.9,51.4,41.2,59.2,66.7,16.7,29.6,46.7,34,clay
2003,Gstaad,R32,W,Lopez,35.2,56.8,66.0,63.6,42.3,54.2,75.0,66.0,63.6,67.1,52.6,41.4,66.7,13.9,38.9,67.7,23,clay
2003,Wimbledon,F,W,Philippoussis,47.3,62.4,65.2,72.2,54.1,64.7,82.4,65.2,72.2,77.1,52.2,64.3,,28.2,41.0,60.7,-5,grass
2003,Wimbledon,SF,W,Roddick,40.5,58.3,66.0,59.1,46.7,56.9,72.5,66.0,59.1,67.1,52.4,46.7,100.0,15.2,36.4,71.4,-79,grass
2003,Wimbledon,QF,W,Schalken,47.8,62.0,48.8,53.8,54.5,58.1,75.8,48.8,53.8,67.9,50.0,59.4,50.0,32.0,40.0,41.2,173,grass
2003,Halle,F,W,Kiefer,31.1,48.9,70.0,82.4,44.7,34.6,53.8,70.0,82.4,58.1,25.0,71.4,,27.8,44.4,53.8,1,grass
2003,Rome,F,L,Mantilla,18.3,37.5,53.8,57.9,24.8,25.5,45.1,53.8,57.9,38.8,36.0,65.4,100.0,13.0,34.8,50.0,6,clay
2003,Rome,SF,W,Ferrero,42.5,57.5,63.6,77.8,50.8,43.8,62.5,63.6,77.8,64.4,0.0,63.6,100.0,43.5,56.5,53.8,-16,clay
2003,Munich,F,W,Nieminen,24.0,40.0,56.8,61.1,33.8,37.9,55.2,56.8,61.1,54.8,35.7,46.7,0.0,5.0,20.0,52.6,-66,clay
2003,Munich,SF,W,Koubek,31.5,40.7,51.6,44.4,36.3,45.5,57.6,51.6,44.4,53.3,53.8,50.0,75.0,13.3,20.0,61.5,16,clay
2003,Dubai,F,W,Novak,13.6,33.9,61.7,56.3,20.2,30.4,43.5,61.7,56.3,47.4,50.0,46.7,,3.1,31.3,64.5,-87,hard
2003,Marseille,F,W,Bjorkman,33.3,46.0,60.0,75.0,43.0,41.5,53.7,60.0,75.0,56.3,47.4,45.5,0.0,20.0,35.0,37.5,59,hard
2003,Australian Open,R16,L,Nalbandian,25.7,35.8,45.5,57.4,31.4,39.7,53.8,45.5,57.4,50.6,50.0,59.1,62.5,11.5,18.0,35.2,-8,hard
2003,Australian Open,R128,W,Saretta,27.0,35.2,48.0,50.0,32.6,34.4,50.0,48.0,50.0,45.0,40.7,56.8,60.0,25.0,25.0,45.5,119,hard
2003,Doha,R32,W,Stoliarov,30.8,42.1,58.0,68.3,39.4,37.9,53.0,58.0,68.3,51.8,28.6,55.3,75.0,22.2,27.8,42.9,96,hard
2002,Masters Cup,SF,L,Hewitt,18.4,35.1,50.0,56.3,26.8,22.6,43.5,50.0,56.3,37.9,43.3,53.1,50.0,14.9,27.7,42.5,30,hard
2002,Paris,QF,L,Hewitt,27.9,42.6,43.8,50.0,35.6,40.0,60.0,43.8,50.0,53.0,50.0,65.0,100.0,11.1,18.5,37.5,-25,hard
2002,Basel,QF,W,Roddick,32.0,52.0,72.7,64.7,39.2,41.4,62.1,72.7,64.7,53.8,38.5,62.5,,20.0,40.0,81.3,-7,hard
2002,Basel,R16,W,Waske,46.7,58.3,71.0,78.9,56.5,52.5,70.0,71.0,78.9,67.3,35.3,69.6,100.0,36.8,36.8,58.3,-3,hard
2002,Vienna,F,W,Novak,25.9,40.5,54.2,52.2,32.6,32.4,50.0,54.2,52.2,43.8,44.4,65.6,40.0,17.8,28.9,56.8,16,hard
2002,Vienna,R32,W,Krajan,36.4,54.5,57.1,59.1,44.9,43.6,61.5,57.1,59.1,55.6,30.0,52.6,50.0,18.8,37.5,53.8,-79,hard
2002,US Open,R128,W,Vanek,38.1,52.4,55.2,56.3,46.2,45.8,64.4,55.2,56.3,60.2,48.3,63.3,100.0,33.3,43.6,53.8,151,hard
2002,Wimbledon,R128,L,Ancic,29.8,39.3,56.4,59.1,37.6,45.0,60.0,56.4,59.1,61.5,42.9,57.9,,29.2,37.5,52.9,147,grass
2002,Hamburg,F,W,Safin,22.2,33.3,50.8,59.3,29.5,38.6,54.5,50.8,59.3,52.0,45.5,59.1,33.3,2.9,8.6,44.1,-88,clay
2002,Hamburg,SF,W,Mirnyi,39.0,49.2,51.4,66.7,48.1,38.5,53.8,51.4,66.7,52.3,33.3,66.7,100.0,42.1,42.1,18.2,-3,clay
2002,Miami,F,L,Agassi,33.9,42.0,45.1,41.9,38.8,37.7,46.4,45.1,41.9,45.5,53.3,48.7,57.1,30.0,37.5,50.0,27,hard
2002,Miami,SF,W,Hewitt,28.8,44.1,64.3,70.0,35.1,35.5,51.6,64.3,70.0,47.4,43.8,60.0,100.0,21.4,35.7,59.1,-79,hard
2002,Dubai,R32,W,Voinea,34.5,41.4,41.7,41.2,40.0,51.4,62.9,41.7,41.2,60.6,47.1,38.9,33.3,22.2,22.2,42.9,82,hard
2002,Milan,F,L,Sanguinetti,27.2,40.4,47.9,51.2,33.6,36.9,53.8,47.9,51.2,48.2,70.3,50.0,0.0,17.9,28.2,43.8,61,clay
2002,Australian Open,R16,L,Haas,33.7,39.4,50.0,53.3,38.5,43.9,49.5,50.0,53.3,51.8,62.0,56.1,50.0,19.4,25.8,46.0,55,hard
2002,Sydney,F,W,Chela,37.5,58.3,66.7,62.5,42.7,44.8,62.1,66.7,62.5,53.4,55.6,60.0,,26.3,52.6,71.4,-79,hard
2001,Basel,F,L,Henman,25.3,35.2,47.0,61.8,31.9,29.2,41.7,47.0,61.8,41.7,54.5,61.5,50.0,22.0,29.3,31.3,-9,hard
2001,Basel,QF,W,Roddick,39.3,51.2,56.3,65.4,45.6,51.9,64.8,56.3,65.4,61.7,50.0,63.3,,18.5,29.6,45.5,25,hard
2001,US Open,R16,L,Agassi,28.8,39.0,37.5,36.8,34.2,34.5,48.3,37.5,36.8,45.5,50.0,61.5,100.0,25.0,32.1,38.1,22,hard
2001,US Open,R64,W,Ginepri,46.3,51.2,47.4,50.0,52.4,60.8,68.6,47.4,50.0,70.6,39.1,57.1,33.3,28.0,28.0,44.4,33,hard
2001,Wimbledon,QF,L,Henman,34.7,48.7,47.9,56.9,42.1,44.0,59.3,47.9,56.9,56.3,45.7,50.0,40.0,21.1,33.3,37.8,-28,grass
2001,Wimbledon,R16,W,Sampras,49.2,58.6,45.3,53.5,53.5,61.9,72.6,45.3,53.5,68.8,40.7,52.5,37.5,30.6,38.7,37.2,55,grass
2001,s Hertogenbosch,SF,L,Hewitt,6.4,21.3,29.2,33.3,12.8,14.3,42.9,29.2,33.3,28.6,36.4,70.0,66.7,0.0,16.7,16.7,-118,grass
2001,Halle,QF,L,Rafter,40.4,56.0,51.6,67.7,49.2,50.8,69.8,51.6,67.7,66.0,35.7,48.6,,27.9,39.5,35.5,20,grass
2001,Halle,R16,W,Prinosil,42.9,61.4,63.2,68.0,51.9,45.7,65.2,63.2,68.0,59.3,23.8,40.0,100.0,40.9,59.1,53.8,47,grass
2001,Roland Garros,QF,L,Corretja,12.5,27.9,51.8,55.2,23.3,13.4,34.3,51.8,55.2,30.1,18.8,71.4,100.0,12.9,19.4,44.4,4,clay
2001,Roland Garros,R16,W,Arthurs,22.6,35.8,65.5,70.0,30.2,34.8,56.5,65.5,70.0,52.2,45.0,46.2,0.0,22.2,33.3,60.7,1,clay
2001,Rome,R32,W,Safin,22.6,31.4,52.0,56.6,27.2,32.1,43.6,52.0,56.6,40.1,37.1,58.1,62.5,11.3,17.0,46.8,-6,clay
2001,Monte Carlo,R64,W,Chang,14.1,29.5,50.8,58.5,25.1,18.0,38.0,50.8,58.5,35.2,44.4,52.2,33.3,7.7,15.4,37.5,-39,clay
2001,Rotterdam,F,L,Escude,27.5,35.8,50.0,62.1,31.8,47.3,60.0,50.0,62.1,55.8,43.5,56.3,100.0,8.2,12.2,42.2,-35,hard
2001,Milan,F,W,Boutter,21.2,29.8,50.7,55.6,28.6,26.5,40.8,50.7,55.6,42.2,41.2,59.4,50.0,22.5,27.5,45.2,27,clay
2000,Basel,F,L,Enqvist,35.0,46.7,48.8,59.1,42.0,42.1,59.2,48.8,59.1,54.6,47.2,52.5,50.0,28.6,33.9,37.5,45,hard
2000,Basel,SF,W,Hewitt,26.0,32.3,43.8,41.4,29.8,40.8,53.1,43.8,41.4,48.2,57.1,42.9,50.0,20.8,20.8,47.4,86,hard
2000,Sydney Olympics,BR,L,Di,18.1,24.5,45.7,66.7,22.0,48.3,65.5,45.7,66.7,61.0,36.4,61.1,100.0,13.0,17.4,30.0,4,hard
2000,Sydney Olympics,SF,L,Haas,20.8,26.4,35.7,35.3,24.9,34.6,42.3,35.7,35.3,43.1,41.7,57.1,50.0,15.4,23.1,36.4,29,hard
2000,US Open,R32,L,Ferrero,36.6,49.3,50.0,62.5,43.3,54.3,71.4,50.0,62.5,67.1,40.0,50.0,66.7,20.8,30.2,40.5,84,hard
2000,US Open,R64,W,Nestor,37.5,54.5,61.1,74.1,45.8,50.9,70.9,61.1,74.1,64.2,45.5,36.4,33.3,15.6,28.1,48.1,-33,hard
2000,Wimbledon,R128,L,Kafelnikov,33.0,37.6,39.0,32.0,35.0,49.0,55.1,39.0,32.0,53.3,43.5,38.5,0.0,26.1,30.4,44.1,-16,grass
2000,Roland Garros,R16,L,Corretja,23.0,34.1,46.2,55.3,29.3,34.7,50.0,46.2,55.3,45.7,45.2,56.1,80.0,8.3,14.6,36.4,-37,clay
2000,Miami,R128,W,Gimelstob,34.3,47.8,58.1,53.6,41.3,33.3,50.0,58.1,53.6,44.5,52.9,56.0,100.0,37.5,45.8,66.7,-19,hard
2000,Marseille,F,L,Rosset,19.5,28.0,54.3,50.0,21.3,35.3,44.1,54.3,50.0,39.7,60.0,68.4,,14.3,28.6,58.3,22,hard
2000,Davis Cup,RR,L,Hewitt,22.0,29.3,46.2,57.5,28.4,34.4,42.6,46.2,57.5,47.4,40.7,55.9,,10.2,16.9,37.7,-12,hard
2000,Australian Open,R64,W,Kroslak,39.6,50.9,48.3,40.0,42.9,44.4,55.6,48.3,40.0,50.0,50.0,66.7,75.0,35.9,48.7,60.0,62,hard
1999,Davis Cup,RR,L,Malisse,13.9,27.9,49.3,52.9,21.9,14.7,32.4,49.3,52.9,27.6,37.2,72.9,70.0,14.0,22.8,42.9,22,hard
1998,Basel,R32,L,Agassi,24.5,35.8,36.8,47.6,29.2,32.3,48.4,36.8,47.6,40.3,71.4,58.8,50.0,15.0,20.0,23.5,32,hard
