year,tourney,round,result,opponent,Unret%,<=3 W%,RiP W%,RiP W%.1,SvImpact,1st: Unret%,1st: <=3 W%,RiP W%.2,RiP W%.3,SvImpact1st,D Wide%,A Wide%,BP Wide%,2nd: Unret%,2nd: <=3 W%,2nd: RiP W%,2ndAgg,surface
2025,Madrid,R64,L,Arnaldi,28.3,35.8,48.6,50.0,33.4,45.5,54.5,48.6,50.0,53.6,38.5,45.0,50.0,0.0,5.9,47.1,-118,clay
2025,Monte Carlo,R32,L,Tabilo,14.3,23.2,50.0,56.5,19.8,23.3,40.0,50.0,56.5,33.7,56.3,42.9,25.0,4.2,4.2,43.5,-76,clay
2025,Miami,F,L,Mensik,28.4,41.9,59.6,64.9,35.9,33.9,51.8,59.6,64.9,43.9,57.7,66.7,0.0,11.8,11.8,46.7,4,hard
2025,Miami,SF,W,Dimitrov,33.3,44.4,62.1,68.0,38.9,35.9,48.7,62.1,68.0,42.3,42.1,45.0,0.0,20.0,20.0,25.0,65,hard
2025,Miami,R64,W,Hijikata,38.8,57.1,75.9,72.7,48.6,43.6,59.0,75.9,72.7,55.9,57.9,45.0,0.0,22.2,55.6,85.7,72,hard
2025,Indian Wells,R64,L,Van,17.8,24.7,43.9,51.4,24.7,24.5,32.7,43.9,51.4,34.7,60.0,29.2,40.0,4.8,9.5,30.0,-72,hard
2025,Doha,R32,L,Berrettini,23.1,40.0,59.2,78.1,34.5,31.9,53.2,59.2,78.1,47.7,50.0,52.0,66.7,0.0,5.9,23.5,-118,hard
2025,Australian Open,SF,L,Zverev,27.8,35.2,53.8,41.2,29.6,45.2,51.6,53.8,41.2,48.4,58.3,63.2,100.0,4.3,13.0,63.6,-79,hard
2025,Australian Open,QF,W,Alcaraz,27.2,38.2,47.9,47.5,34.0,29.1,39.5,47.9,47.5,39.9,53.8,36.2,62.5,25.5,38.3,48.6,12,hard
2025,Australian Open,R16,W,Lehecka,40.2,45.7,59.6,61.5,45.5,51.9,61.1,59.6,61.5,60.9,52.4,51.5,100.0,25.7,25.7,57.7,40,hard
2025,Australian Open,R32,W,Machac,34.2,41.8,60.4,66.7,39.0,41.2,49.0,60.4,66.7,48.6,47.8,64.3,50.0,25.0,33.3,50.0,118,hard
2025,Australian Open,R128,W,Basavareddy,49.1,52.8,50.0,40.7,51.7,62.5,65.3,50.0,40.7,66.4,43.8,50.0,50.0,23.3,30.0,60.9,99,hard
2025,Brisbane,QF,L,Opelka,37.0,43.8,51.1,51.6,40.5,41.5,49.1,51.1,51.6,46.4,42.9,50.0,20.0,26.3,31.6,50.0,-3,hard
2025,Brisbane,R16,W,Monfils,32.7,40.4,61.8,60.0,37.7,41.2,52.9,61.8,60.0,48.8,55.6,68.8,100.0,17.6,17.6,64.3,5,hard
2024,Shanghai,F,L,Sinner,37.9,48.3,52.8,50.0,41.6,52.6,60.5,52.8,50.0,58.2,41.2,61.9,100.0,10.0,25.0,55.6,-79,hard
2024,Shanghai,QF,W,Mensik,32.9,40.2,61.1,72.7,39.6,36.5,46.2,61.1,72.7,47.1,50.0,36.7,0.0,27.6,31.0,42.9,-29,hard
2024,Shanghai,R16,W,Safiullin,39.2,56.9,60.0,73.3,49.6,54.5,75.8,60.0,73.3,70.6,47.1,50.0,0.0,11.8,23.5,46.7,4,hard
2024,US Open,R32,L,Popyrin,33.1,40.8,49.3,53.2,39.8,38.2,50.0,49.3,53.2,49.6,56.4,54.1,80.0,35.0,37.5,42.3,167,hard
2024,US Open,R64,W,Djere,30.3,39.3,53.7,66.7,36.3,35.7,52.4,53.7,66.7,48.3,38.9,33.3,60.0,30.8,33.3,40.7,163,hard
2024,Paris Olympics,F,W,Alcaraz,30.1,36.6,60.3,65.1,39.1,37.7,46.4,60.3,65.1,49.9,55.2,52.5,37.5,9.1,9.1,50.0,-26,clay
2024,Paris Olympics,SF,W,Musetti,16.4,27.3,57.8,56.7,23.1,16.7,30.6,57.8,56.7,26.9,64.3,40.9,50.0,16.7,22.2,60.0,1,clay
2024,Paris Olympics,QF,W,Tsitsipas,28.7,36.3,48.2,48.7,34.9,31.6,40.4,48.2,48.7,40.2,28.6,51.7,75.0,22.7,27.3,47.1,-13,clay
2024,Wimbledon,F,L,Alcaraz,24.8,38.6,47.2,52.0,35.2,29.6,49.3,47.2,52.0,44.5,58.3,48.6,55.6,15.4,15.4,36.4,29,grass
2024,Wimbledon,SF,W,Musetti,28.2,40.8,54.3,60.5,36.5,37.7,52.2,54.3,60.5,50.1,44.8,45.0,100.0,10.0,20.0,44.4,-21,grass
2024,Wimbledon,R16,W,Rune,26.3,43.8,66.7,63.9,36.1,30.8,51.9,66.7,63.9,46.0,52.0,44.4,50.0,19.2,30.8,71.4,29,grass
2024,Wimbledon,R32,W,Popyrin,47.8,58.4,64.3,73.5,56.8,56.4,71.8,64.3,73.5,69.5,51.4,51.2,100.0,31.3,31.3,50.0,51,grass
2024,Roland Garros,R16,W,Cerundolo,20.2,32.2,54.2,57.3,27.9,27.6,39.8,54.2,57.3,39.1,53.7,59.4,41.7,5.2,17.2,49.1,-63,clay
2024,Roland Garros,R32,W,Musetti,14.4,26.6,56.4,62.7,24.1,17.6,34.1,56.4,62.7,32.4,37.8,50.0,100.0,8.7,13.0,45.2,-26,clay
2024,Geneva,QF,W,Griekspoor,39.6,52.8,61.3,75.0,46.6,47.4,60.5,61.3,75.0,57.1,66.7,60.0,20.0,21.4,35.7,36.4,22,clay
2024,Rome,R32,L,Tabilo,30.8,34.6,45.2,55.6,35.0,33.3,40.7,45.2,55.6,41.5,44.4,38.9,0.0,35.0,35.0,30.8,190,clay
2024,Rome,R64,W,Moutet,11.9,28.6,62.2,60.9,23.1,11.5,38.5,62.2,60.9,29.6,53.8,61.5,0.0,12.5,12.5,64.3,-79,clay
2024,Monte Carlo,SF,L,Ruud,20.3,36.7,55.7,53.1,29.9,30.4,47.8,55.7,53.1,47.0,44.4,53.6,40.0,6.5,22.6,58.6,-51,clay
2024,Monte Carlo,QF,W,De,20.3,25.0,54.0,53.1,25.6,23.8,28.6,54.0,53.1,31.9,55.0,59.1,66.7,14.3,19.0,55.6,-10,clay
2024,Monte Carlo,R16,W,Musetti,22.4,31.3,54.0,54.5,32.2,28.3,41.3,54.0,54.5,42.6,52.6,51.9,100.0,10.5,10.5,52.9,-13,clay
2024,Indian Wells,R32,L,Nardi,32.6,44.2,46.0,60.6,37.9,42.1,59.6,46.0,60.6,50.9,45.8,54.5,60.0,18.9,21.6,30.0,-39,hard
2024,Indian Wells,R64,W,Vukic,38.2,48.7,59.5,61.9,42.2,54.3,65.2,59.5,61.9,61.1,54.2,50.0,0.0,16.0,28.0,57.1,29,hard
2024,Australian Open,SF,L,Sinner,20.7,29.3,52.3,53.6,25.8,28.2,37.2,52.3,53.6,35.8,44.1,38.6,28.6,5.9,14.7,50.0,-60,hard
2024,Australian Open,QF,W,Fritz,40.0,53.9,57.6,62.9,46.9,51.4,66.7,57.6,62.9,62.4,48.3,39.5,33.3,22.5,35.0,51.6,27,hard
2024,Australian Open,R16,W,Mannarino,42.0,52.2,65.7,59.1,47.4,54.2,64.6,65.7,59.1,61.9,60.0,42.9,0.0,18.8,31.3,76.9,39,hard
2024,Australian Open,R64,W,Popyrin,34.5,41.2,59.0,69.8,40.5,41.1,49.3,59.0,69.8,51.0,39.5,60.0,100.0,23.9,28.3,45.7,-79,hard
2024,Australian Open,R128,W,Prizmic,30.2,39.5,49.4,46.9,36.0,36.4,48.1,49.4,46.9,46.1,42.9,45.2,66.7,21.6,27.5,52.5,-50,hard
2024,United Cup,QF,L,De,26.5,38.2,46.9,51.9,35.1,37.2,53.5,46.9,51.9,50.9,47.6,45.5,100.0,8.3,12.5,40.9,-30,hard
2024,United Cup,RR,W,Lehecka,25.0,36.3,60.3,62.9,31.6,28.6,42.9,60.3,62.9,39.4,50.0,51.9,100.0,20.7,27.6,56.5,19,hard
2023,Davis Cup,RR,L,Sinner,31.2,44.2,55.8,63.3,37.8,36.2,55.3,55.8,63.3,47.0,52.2,45.8,100.0,24.1,27.6,45.5,-29,hard
2023,Tour Finals,F,W,Sinner,54.3,60.9,61.9,72.7,60.2,65.6,75.0,61.9,72.7,74.1,58.8,46.7,0.0,28.6,28.6,50.0,-79,hard
2023,Tour Finals,SF,W,Alcaraz,34.5,47.3,60.0,66.7,43.1,43.2,62.2,60.0,66.7,55.9,40.0,50.0,100.0,17.6,17.6,50.0,5,hard
2023,Tour Finals,RR,L,Sinner,44.0,59.0,52.7,55.6,50.8,57.1,73.0,52.7,55.6,67.9,53.8,45.9,0.0,22.2,36.1,50.0,-38,hard
2023,Tour Finals,RR,W,Rune,36.1,49.1,46.2,53.7,43.2,44.6,62.2,46.2,53.7,55.0,48.6,51.3,100.0,20.0,23.3,33.3,76,hard
2023,Paris,SF,W,Rublev,42.4,49.2,49.2,44.7,46.9,51.9,59.5,49.2,44.7,58.7,60.0,46.9,25.0,26.5,32.4,56.0,115,hard
2023,Paris,QF,W,Rune,36.3,49.5,63.0,65.2,42.1,51.1,66.0,63.0,65.2,62.3,47.8,45.8,100.0,22.5,35.0,61.3,59,hard
2023,Paris,R16,W,Griekspoor,37.7,46.2,49.2,57.1,44.3,47.0,59.1,49.2,57.1,57.6,53.1,52.9,25.0,27.3,30.3,37.5,129,hard
2023,US Open,F,W,Medvedev,18.3,33.0,66.3,75.0,30.7,26.7,51.7,66.3,75.0,49.2,51.9,30.3,50.0,9.3,11.6,56.4,-28,hard
2023,US Open,SF,W,Shelton,24.2,35.4,59.7,75.5,32.8,27.9,44.1,59.7,75.5,40.4,58.6,41.0,50.0,17.9,17.9,26.1,59,hard
2023,US Open,QF,W,Fritz,21.3,33.0,58.0,60.5,29.1,23.2,41.1,58.0,60.5,36.4,41.4,37.0,50.0,21.2,24.2,53.8,85,hard
2023,US Open,R32,W,Djere,34.6,45.7,57.1,63.0,41.7,43.2,59.3,57.1,63.0,54.2,52.3,51.4,33.3,22.5,25.0,48.4,59,hard
2023,Cincinnati,F,W,Alcaraz,32.8,43.8,51.9,44.2,36.6,41.1,49.3,51.9,44.2,47.7,59.3,30.4,0.0,24.0,40.0,60.5,59,hard
2023,Cincinnati,SF,W,Zverev,36.3,46.3,58.3,66.7,43.0,41.2,52.9,58.3,66.7,51.8,42.1,43.8,50.0,30.8,38.5,44.4,78,hard
2023,Cincinnati,QF,W,Fritz,37.5,50.0,71.4,66.7,45.2,42.3,61.5,71.4,66.7,54.2,35.7,50.0,0.0,40.0,40.0,83.3,196,hard
2023,Wimbledon,F,L,Alcaraz,23.4,34.2,48.6,48.9,30.2,25.4,36.4,48.6,48.9,36.0,48.2,41.9,28.6,20.6,31.7,48.0,-10,grass
2023,Wimbledon,SF,W,Sinner,29.5,35.7,56.4,59.0,34.9,40.0,47.7,56.4,59.0,49.4,48.5,46.9,33.3,15.2,19.6,53.8,-79,grass
2023,Roland Garros,F,W,Ruud,25.7,43.6,67.6,71.2,37.8,29.7,51.4,67.6,71.2,46.2,30.0,54.5,75.0,15.4,23.1,59.1,-23,clay
2023,Roland Garros,SF,W,Alcaraz,27.2,37.6,51.1,58.3,33.0,31.8,45.5,51.1,58.3,40.0,54.5,54.5,66.7,17.6,20.6,35.7,44,clay
2023,Roland Garros,QF,W,Khachanov,24.4,38.2,63.4,65.5,30.9,30.4,44.3,63.4,65.5,41.1,52.5,53.8,28.6,17.4,32.6,60.5,51,clay
2023,Roland Garros,R16,W,Varillas,24.3,47.1,70.0,76.9,40.1,30.4,57.1,70.0,76.9,50.2,40.9,47.1,0.0,0.0,9.1,45.5,-118,clay
2023,Roland Garros,R32,W,Davidovich,14.9,19.3,48.8,55.2,19.2,18.3,25.4,48.8,55.2,25.2,53.8,48.9,20.0,14.3,14.3,33.3,11,clay
2023,Roland Garros,R64,W,Fucsovics,20.2,40.4,53.3,50.0,29.8,25.0,45.3,53.3,50.0,39.8,53.6,38.9,60.0,12.9,35.5,59.3,8,clay
2023,Rome,QF,L,Rune,27.3,36.4,41.5,40.6,33.6,34.7,44.9,41.5,40.6,44.7,50.0,56.5,66.7,16.0,24.0,42.9,39,clay
2023,Banja Luka,QF,L,Lajovic,14.1,22.4,54.9,55.1,18.4,16.9,27.1,54.9,55.1,23.1,50.0,51.6,100.0,8.3,12.5,54.5,-33,hard
2023,Monte Carlo,R16,L,Musetti,6.4,23.4,51.9,54.4,17.7,8.1,30.6,51.9,54.4,25.2,50.0,66.7,66.7,4.0,12.0,45.8,-82,clay
2023,Dubai,SF,L,Medvedev,27.4,43.5,51.2,51.7,39.4,31.0,54.8,51.2,51.7,48.6,47.8,73.7,100.0,22.2,22.2,50.0,1,hard
2023,Dubai,R32,W,Machac,32.0,44.0,55.0,56.4,39.3,35.0,53.3,55.0,56.4,47.2,55.2,54.8,20.0,34.4,37.5,52.4,184,hard
2023,Australian Open,F,W,Tsitsipas,25.0,36.0,69.4,71.4,32.6,36.4,48.5,69.4,71.4,47.9,43.5,60.5,100.0,3.2,12.9,66.7,-86,hard
2023,Australian Open,SF,W,Paul,30.8,40.7,56.9,56.7,37.4,43.4,54.7,56.9,56.7,54.7,60.0,50.0,75.0,15.2,24.2,57.1,27,hard
2023,Australian Open,QF,W,Rublev,45.5,50.0,48.8,54.2,48.4,57.1,64.3,48.8,54.2,61.8,60.0,54.8,50.0,29.6,29.6,42.1,157,hard
2023,Australian Open,R32,W,Dimitrov,27.7,39.3,53.2,61.8,34.6,32.1,48.1,53.2,61.8,41.6,48.4,36.0,0.0,17.2,17.2,33.3,19,hard
2023,Australian Open,R64,W,Couacaud,31.1,41.5,67.2,73.7,39.8,40.6,56.3,67.2,73.7,55.0,51.9,51.4,100.0,19.4,22.2,58.6,65,hard
2023,Australian Open,R128,W,Carballes,37.1,52.9,67.4,75.0,44.4,46.7,66.7,67.4,75.0,58.0,69.6,68.2,0.0,20.8,29.2,57.9,-19,hard
2023,Adelaide 1,SF,W,Medvedev,39.3,49.2,61.8,69.2,43.4,62.9,77.1,61.8,69.2,70.0,53.3,40.0,0.0,8.7,13.0,57.1,-33,hard
2022,Tour Finals,RR,W,Medvedev,28.2,45.0,57.1,66.0,38.7,37.6,60.0,57.1,66.0,53.8,69.2,50.0,20.0,11.6,18.6,44.7,2,hard
2022,Paris,F,L,Rune,32.5,50.0,57.7,71.0,43.6,39.2,64.7,57.7,71.0,56.7,54.2,51.9,100.0,22.2,25.9,38.1,25,hard
2022,Paris,SF,W,Tsitsipas,35.9,52.6,66.7,69.0,45.3,42.0,64.0,66.7,69.0,56.6,42.9,44.8,50.0,26.9,34.6,63.2,-79,hard
2022,Astana,SF,W,Medvedev,14.9,32.8,57.9,68.8,26.6,23.8,52.4,57.9,68.8,42.4,69.2,48.3,0.0,0.0,0.0,44.0,-118,hard
2022,Astana,R16,W,Van,19.6,35.3,65.9,75.0,31.0,20.0,40.0,65.9,75.0,34.5,60.0,30.0,50.0,18.2,18.2,33.3,-79,hard
2022,Tel Aviv,F,W,Cilic,40.4,50.9,63.3,69.2,43.0,63.9,72.2,63.3,69.2,68.1,38.9,44.4,0.0,0.0,17.6,58.8,-118,hard
2022,Tel Aviv,SF,W,Safiullin,40.6,46.9,52.8,63.2,44.7,55.8,65.1,52.8,63.2,61.9,57.1,63.6,50.0,10.5,10.5,41.2,-13,hard
2022,Laver Cup,RR,L,Auger,21.2,28.8,47.9,54.3,27.0,25.5,34.0,47.9,54.3,33.6,37.5,43.5,50.0,13.3,20.0,30.8,-2,hard
2022,Wimbledon,F,W,Kyrgios,35.3,45.4,67.1,68.3,38.7,45.3,54.7,67.1,68.3,50.8,45.5,45.2,0.0,21.6,35.1,65.5,82,grass
2022,Wimbledon,SF,W,Norrie,37.5,45.5,59.3,64.3,42.5,50.9,57.9,59.3,64.3,58.6,50.0,41.4,100.0,13.3,23.3,53.8,-30,grass
2022,Wimbledon,QF,W,Sinner,34.4,47.7,55.7,66.7,41.0,47.1,60.0,55.7,66.7,57.1,45.2,48.8,50.0,10.5,26.3,41.2,-16,grass
2022,Wimbledon,R16,W,Van,33.0,43.3,61.9,58.3,39.2,41.0,50.8,61.9,58.3,50.8,42.3,48.6,25.0,20.6,32.4,66.7,5,grass
2022,Roland Garros,QF,L,Nadal,10.7,25.7,53.7,56.5,19.3,14.1,32.3,53.7,56.5,26.3,54.5,43.6,33.3,2.7,10.8,47.2,-91,clay
2022,Rome,F,W,Tsitsipas,30.2,41.5,63.9,68.2,38.3,40.5,54.1,63.9,68.2,52.2,64.3,30.4,100.0,6.7,13.3,57.1,-49,clay
2022,Rome,SF,W,Ruud,7.8,15.7,67.4,66.7,15.3,9.1,21.2,67.4,66.7,20.6,50.0,19.0,0.0,5.9,5.9,68.8,-57,clay
2022,Rome,QF,W,Auger,26.7,40.0,60.0,62.5,35.9,29.8,45.6,60.0,62.5,41.9,50.0,35.5,33.3,16.7,22.2,53.3,-79,clay
2022,Rome,R16,W,Wawrinka,31.3,37.5,54.5,62.5,36.9,33.3,41.7,54.5,62.5,40.8,40.0,57.1,0.0,25.0,25.0,33.3,-79,clay
2022,Madrid,SF,L,Alcaraz,31.8,38.8,51.2,48.2,36.7,34.1,37.6,51.2,48.2,41.5,43.2,45.8,57.1,28.6,42.9,56.7,-10,clay
2022,Madrid,R32,W,Monfils,17.6,23.5,60.4,60.6,23.2,23.3,32.6,60.4,60.6,32.1,57.1,31.8,25.0,9.1,9.1,60.0,-30,clay
2022,Belgrade ,F,L,Rublev,25.3,33.0,38.1,36.8,30.5,33.3,43.9,38.1,36.8,41.8,57.7,45.2,50.0,13.8,17.2,40.0,11,hard
2022,Monte Carlo,R32,L,Davidovich,12.8,20.8,44.2,47.7,19.3,14.5,26.3,44.2,47.7,25.1,26.5,52.4,41.7,11.4,13.6,38.5,-6,clay
2021,Tour Finals,SF,L,Zverev,43.5,54.3,49.0,62.5,49.8,60.7,73.8,49.0,62.5,70.2,48.3,46.9,50.0,10.0,16.7,37.0,-30,hard
2021,Paris,F,W,Medvedev,20.9,41.9,54.5,70.0,33.0,29.8,57.9,54.5,70.0,48.1,48.0,43.8,50.0,3.7,11.1,30.8,-80,hard
2021,Paris,SF,W,Hurkacz,32.5,42.9,59.2,56.5,37.3,46.5,58.1,59.2,56.5,55.1,66.7,59.1,50.0,16.1,25.8,61.5,44,hard
2021,Paris,QF,W,Fritz,31.9,46.8,55.2,55.0,39.6,41.2,58.8,55.2,55.0,51.8,43.8,38.9,33.3,10.0,20.0,55.6,-33,hard
2021,US Open,F,L,Medvedev,23.9,33.7,52.2,67.7,31.0,38.0,52.0,52.2,67.7,51.0,55.6,47.8,50.0,7.7,12.8,38.9,-39,hard
2021,US Open,SF,W,Zverev,26.0,36.7,54.1,62.9,33.1,37.4,51.5,54.1,62.9,48.1,55.3,42.3,50.0,4.1,8.2,42.6,-75,hard
2021,US Open,QF,W,Berrettini,34.2,47.9,58.9,52.5,40.5,44.4,58.3,58.9,52.5,54.7,40.6,37.5,0.0,19.5,34.1,66.7,56,hard
2021,US Open,R16,W,Brooksby,29.5,42.9,52.1,53.8,36.1,40.9,54.5,52.1,53.8,51.4,46.9,44.1,20.0,10.5,23.7,50.0,-40,hard
2021,US Open,R32,W,Nishikori,34.4,45.8,54.4,56.8,40.5,46.3,58.5,54.4,56.8,56.1,47.4,54.5,50.0,16.7,28.6,51.4,39,hard
2021,US Open,R64,W,Griekspoor,50.0,56.9,48.4,55.0,56.0,57.4,68.1,48.4,55.0,66.6,40.9,44.0,0.0,45.0,45.0,36.4,224,hard
2021,Tokyo Olympics,BR,L,Carreno,28.7,42.5,59.3,62.1,37.9,40.8,61.2,59.3,62.1,57.1,62.5,51.5,0.0,14.3,20.0,56.7,27,hard
2021,Tokyo Olympics,SF,L,Zverev,20.3,27.8,37.1,37.8,24.9,28.8,38.5,37.1,37.8,36.0,48.1,44.0,25.0,3.8,7.7,36.0,-77,hard
2021,Tokyo Olympics,R16,W,Davidovich,37.5,47.9,58.6,60.0,42.9,53.1,65.6,58.6,60.0,61.2,66.7,41.2,0.0,6.7,13.3,57.1,-49,hard
2021,Tokyo Olympics,R32,W,Struff,48.3,55.2,44.8,53.3,54.1,63.4,68.3,44.8,53.3,71.7,70.6,33.3,100.0,12.5,25.0,35.7,10,hard
2021,Wimbledon,F,W,Berrettini,29.5,41.0,58.5,64.4,36.4,40.0,56.0,58.5,64.4,51.2,52.5,45.7,50.0,14.0,18.6,51.4,22,grass
2021,Wimbledon,SF,W,Shapovalov,31.3,50.0,62.5,65.9,40.9,40.6,66.7,62.5,65.9,56.2,61.3,39.5,16.7,18.4,26.3,58.1,61,grass
2021,Wimbledon,QF,W,Fucsovics,25.8,46.2,60.6,71.8,35.6,36.1,63.9,60.6,71.8,51.0,59.3,50.0,33.3,6.9,13.8,44.4,-49,grass
2021,Roland Garros,F,W,Tsitsipas,21.6,35.8,63.7,68.2,30.4,28.3,43.5,63.7,68.2,41.1,64.1,54.7,33.3,7.7,20.5,55.6,-39,clay
2021,Roland Garros,SF,W,Nadal,13.5,21.8,54.5,58.3,20.5,15.3,25.9,54.5,58.3,26.2,59.1,41.5,50.0,11.1,15.6,47.5,-3,clay
2021,Roland Garros,QF,W,Berrettini,28.0,46.2,63.8,63.8,36.6,37.0,57.6,63.8,63.8,49.2,53.5,59.2,33.3,7.7,20.5,63.9,-41,clay
2021,Belgrade 2,F,W,Molcan,18.4,26.5,54.1,57.9,25.1,29.6,40.7,54.1,57.9,41.9,38.5,57.1,0.0,5.3,10.5,50.0,-68,hard
2021,Rome,F,L,Nadal,21.1,26.3,50.7,52.2,24.4,27.0,33.3,50.7,52.2,32.1,61.8,48.3,75.0,10.7,14.3,48.0,-15,clay
2021,Rome,SF,W,Sonego,22.1,32.6,66.7,71.4,32.4,25.8,40.9,66.7,71.4,40.6,52.0,51.2,0.0,14.8,14.8,56.5,25,clay
2021,Belgrade,SF,L,Karatsev,21.6,28.4,47.1,50.0,26.1,22.2,31.9,47.1,50.0,29.6,45.7,56.8,33.3,23.7,26.3,41.4,107,hard
2021,Australian Open,F,W,Medvedev,25.6,34.6,58.9,58.8,34.0,34.6,48.1,58.9,58.8,47.1,45.8,57.1,0.0,8.3,8.3,59.1,-33,hard
2021,Australian Open,SF,W,Karatsev,40.7,44.4,47.8,46.7,42.6,45.5,50.9,47.8,46.7,48.2,45.8,54.8,75.0,33.3,33.3,50.0,37,hard
2021,Australian Open,QF,W,Zverev,35.2,45.7,48.0,50.0,42.4,44.5,57.1,48.0,50.0,54.4,51.9,41.8,28.6,10.5,15.8,44.1,-16,hard
2021,Australian Open,R16,W,Raonic,36.4,52.9,58.1,60.0,45.0,45.1,64.6,58.1,60.0,57.8,52.9,47.9,100.0,19.4,30.6,55.2,37,hard
2021,Australian Open,R32,W,Fritz,32.1,44.7,53.4,60.0,40.4,38.1,54.3,53.4,60.0,50.8,58.8,51.9,33.3,22.4,28.6,42.1,61,hard
2021,Australian Open,R64,W,Tiafoe,44.2,53.3,58.1,63.6,48.9,55.4,67.6,58.1,63.6,63.1,46.9,40.5,33.3,29.3,34.1,51.7,86,hard
2020,Tour Finals,SF,L,Thiem,34.2,43.9,56.0,73.2,41.8,44.6,56.8,56.0,73.2,56.4,41.9,46.5,0.0,15.0,20.0,35.3,-79,hard
2020,Tour Finals,RR,L,Medvedev,20.6,30.9,51.0,53.6,27.8,30.0,42.5,51.0,53.6,42.3,40.0,65.0,25.0,8.7,17.4,47.6,-39,hard
2020,Vienna,QF,L,Sonego,19.6,31.4,36.8,42.1,26.9,32.1,50.0,36.8,42.1,45.4,72.7,52.9,100.0,5.0,10.0,31.6,-70,hard
2020,Roland Garros,F,L,Nadal,5.1,15.2,48.9,45.9,13.2,7.6,21.2,48.9,45.9,19.8,45.5,42.4,30.0,0.0,3.4,55.2,-118,clay
2020,Roland Garros,SF,W,Tsitsipas,25.5,37.3,54.6,60.6,33.5,30.4,46.1,54.6,60.6,42.4,45.5,53.4,75.0,17.8,22.2,43.2,54,clay
2020,Roland Garros,QF,W,Carreno,22.1,29.0,55.7,58.5,29.3,30.3,40.8,55.7,58.5,42.6,55.9,50.0,33.3,12.0,14.0,52.3,2,clay
2020,Rome,F,W,Schwartzman,12.9,27.1,55.0,63.2,23.4,19.1,40.4,55.0,63.2,34.9,59.1,60.0,50.0,0.0,0.0,40.9,-118,clay
2020,Rome,SF,W,Ruud,27.8,41.8,55.4,54.3,34.4,34.0,49.1,55.4,54.3,43.8,40.9,64.5,28.6,16.0,28.0,57.1,-21,clay
2020,US Open,R32,W,Struff,30.9,40.7,64.7,64.5,38.1,41.5,54.7,64.7,64.5,52.6,50.0,34.5,33.3,13.0,17.4,65.0,0,hard
2020,Cincinnati,F,W,Raonic,26.3,36.8,52.9,58.3,28.9,38.5,48.7,52.9,58.3,43.6,40.0,68.4,0.0,15.6,28.1,48.1,31,hard
2020,Cincinnati,SF,W,Bautista,29.1,37.9,43.9,45.5,34.5,43.1,51.7,43.9,45.5,52.6,31.0,51.7,60.0,13.2,23.7,42.4,4,hard
2020,Dubai,F,W,Tsitsipas,26.3,36.8,59.5,68.0,33.9,30.6,44.4,59.5,68.0,42.5,66.7,53.3,100.0,19.0,23.8,47.1,-79,hard
2020,Dubai,SF,W,Monfils,20.8,31.3,48.0,48.1,28.0,23.9,36.6,48.0,48.1,33.7,40.0,43.9,25.0,12.5,16.7,47.6,-19,hard
2020,Australian Open,F,W,Thiem,23.9,36.6,59.8,66.7,32.3,27.6,42.5,59.8,66.7,40.6,42.9,51.1,100.0,19.0,28.6,47.1,69,hard
2020,Australian Open,SF,W,Federer,29.4,38.2,54.9,56.5,34.7,37.0,45.2,54.9,56.5,44.4,42.4,55.0,40.0,10.7,21.4,52.0,-27,hard
2020,Australian Open,QF,W,Raonic,35.6,44.6,61.4,77.8,40.2,45.5,57.6,61.4,77.8,52.4,40.0,52.8,50.0,22.2,25.9,33.3,-25,hard
2020,Australian Open,R16,W,Schwartzman,30.2,43.0,60.3,57.6,35.0,38.9,51.9,60.3,57.6,46.5,40.0,41.4,100.0,16.7,30.0,64.0,-30,hard
2020,Atp Cup,F,W,Nadal,35.9,57.8,69.2,71.4,46.3,42.9,67.3,69.2,71.4,56.3,57.1,50.0,66.7,15.4,30.8,63.6,29,hard
2020,Atp Cup,SF,W,Medvedev,19.8,31.5,56.0,59.3,28.5,28.0,44.0,56.0,59.3,40.8,42.4,50.0,60.0,3.2,6.5,50.0,-87,hard
2019,Tour Finals,RR,W,Berrettini,35.0,42.5,64.0,57.1,38.8,41.7,54.2,64.0,57.1,47.9,33.3,41.7,0.0,26.7,26.7,72.7,16,hard
2019,Tour Finals,RR,L,Thiem,29.0,36.6,50.0,56.8,34.2,36.2,46.6,50.0,56.8,44.5,39.1,40.0,100.0,19.4,22.6,40.0,55,hard
2019,Tour Finals,RR,L,Federer,14.5,22.6,48.0,45.9,21.8,19.6,26.1,48.0,45.9,29.3,60.0,46.2,66.7,0.0,15.4,53.8,-118,hard
2019,Paris,F,W,Shapovalov,56.9,66.7,57.1,41.7,59.8,66.7,75.0,57.1,41.7,70.8,25.0,40.0,0.0,35.7,50.0,77.8,22,hard
2019,Shanghai,QF,L,Tsitsipas,30.2,37.2,60.3,55.8,35.8,33.8,43.1,60.3,55.8,41.2,41.2,32.3,0.0,21.1,21.1,73.3,65,hard
2019,Shanghai,R32,W,Shapovalov,34.0,46.8,74.2,82.6,41.7,34.3,51.4,74.2,82.6,44.6,47.4,37.5,0.0,33.3,33.3,50.0,-79,hard
2019,US Open,R16,L,Wawrinka,27.4,34.2,45.5,52.0,31.8,37.5,47.5,45.5,52.0,45.5,44.0,46.7,50.0,20.8,25.0,36.8,72,hard
2019,Wimbledon,F,W,Federer,23.3,31.1,56.0,61.5,28.2,33.1,42.6,56.0,61.5,41.0,38.1,46.6,75.0,8.1,13.5,48.5,-38,grass
2019,Wimbledon,SF,W,Bautista,24.3,38.3,59.5,66.7,33.0,31.1,51.4,59.5,66.7,44.5,51.3,42.9,100.0,13.2,15.8,48.5,16,grass
2019,Wimbledon,QF,W,Goffin,31.3,37.3,50.9,47.8,34.7,52.1,56.3,50.9,47.8,57.9,36.8,37.9,40.0,3.2,12.9,53.3,-86,grass
2019,Wimbledon,R32,W,Hurkacz,33.1,46.2,63.3,65.2,40.8,45.9,61.2,63.3,65.2,57.8,37.1,56.0,0.0,10.8,21.6,60.6,-20,grass
2019,Wimbledon,R64,W,Kudla,38.4,53.4,54.8,58.3,45.5,50.0,66.7,54.8,58.3,60.8,40.9,65.4,50.0,18.2,31.8,50.0,47,grass
2019,Wimbledon,R128,W,Kohlschreiber,39.5,51.3,62.8,69.2,47.1,48.0,64.0,62.8,69.2,59.6,28.6,31.8,66.7,26.1,30.4,52.9,96,grass
2019,Roland Garros,SF,L,Thiem,16.9,27.1,51.1,52.4,24.7,19.2,33.1,51.1,52.4,29.8,41.0,59.4,56.3,12.2,12.2,47.2,4,clay
2019,Rome,F,L,Nadal,15.6,28.1,43.8,50.8,26.4,19.2,34.2,43.8,50.8,33.3,51.4,44.4,25.0,4.5,9.1,23.8,-70,clay
2019,Rome,SF,W,Schwartzman,15.2,27.3,61.4,63.6,24.4,15.4,30.8,61.4,63.6,29.5,37.0,57.9,66.7,15.2,21.2,57.1,-35,clay
2019,Rome,QF,W,del,19.2,35.4,63.6,59.3,28.6,18.2,40.9,63.6,59.3,32.3,39.3,57.9,25.0,23.3,26.7,73.9,59,clay
2019,Madrid,SF,W,Thiem,28.9,43.3,49.2,60.0,35.1,36.4,54.5,49.2,60.0,46.5,41.7,58.1,75.0,17.6,26.5,35.7,-36,clay
2019,Monte Carlo,QF,L,Medvedev,14.3,20.9,52.0,61.4,18.9,12.0,24.0,52.0,61.4,20.4,42.9,48.3,75.0,18.4,18.4,38.7,32,clay
2019,Indian Wells,R32,L,Kohlschreiber,23.2,32.1,50.0,52.0,28.9,32.4,43.2,50.0,52.0,41.1,50.0,47.4,50.0,6.3,12.5,46.7,-60,hard
2019,Australian Open,F,W,Nadal,24.6,42.0,75.0,72.2,32.2,28.0,44.0,75.0,72.2,38.4,54.5,42.9,0.0,15.8,36.8,81.3,-79,hard
2019,Australian Open,R16,W,Medvedev,21.4,34.9,58.5,62.9,30.6,26.2,45.2,58.5,62.9,40.0,40.5,51.1,40.0,13.5,16.2,50.0,13,hard
2019,Australian Open,R32,W,Shapovalov,30.0,38.9,60.3,62.2,34.4,31.5,46.3,60.3,62.2,38.9,56.5,54.8,50.0,32.3,32.3,57.1,94,hard
2019,Doha,SF,L,Bautista,27.2,37.7,55.0,49.0,33.5,32.9,41.1,55.0,49.0,42.7,44.8,59.1,60.0,18.4,34.2,64.5,32,hard
2019,Doha,QF,W,Basilashvili,36.0,43.0,48.1,48.4,39.7,45.6,54.4,48.1,48.4,51.1,46.4,51.7,0.0,19.2,23.1,47.6,72,hard
2018,Tour Finals,F,L,Zverev,22.8,29.8,46.5,62.5,28.4,29.4,41.2,46.5,62.5,38.8,42.9,45.0,50.0,13.6,13.6,26.3,-13,hard
2018,Tour Finals,RR,W,Zverev,23.1,30.8,70.3,65.2,26.0,28.1,37.5,70.3,65.2,32.8,42.9,33.3,0.0,17.6,23.5,78.6,47,hard
2018,Paris,F,L,Khachanov,26.8,39.4,49.0,56.7,36.6,30.2,48.8,49.0,56.7,46.5,45.5,57.1,33.3,22.2,25.9,38.1,-25,hard
2018,Paris,SF,W,Federer,31.9,41.6,62.3,61.5,37.9,32.5,45.5,62.3,61.5,41.3,25.0,60.0,100.0,30.6,33.3,64.0,-79,hard
2018,US Open,F,W,del,13.6,22.0,60.0,61.9,18.8,14.9,28.4,60.0,61.9,23.2,45.7,41.0,33.3,11.9,11.9,56.8,-10,hard
2018,US Open,SF,W,Nishikori,37.2,47.4,66.0,66.7,45.5,40.0,54.0,66.0,66.7,53.0,55.0,46.7,100.0,34.6,38.5,64.7,29,hard
2018,US Open,QF,W,Millman,22.1,32.6,66.7,65.9,29.0,24.1,36.2,66.7,65.9,34.3,56.0,42.4,0.0,20.8,29.2,68.4,78,hard
2018,Cincinnati,SF,W,Cilic,24.0,33.3,52.2,57.5,30.7,33.3,45.0,52.2,57.5,44.2,53.1,42.9,60.0,9.4,15.6,44.8,-26,hard
2018,Canada,R16,L,Tsitsipas,27.8,38.1,59.1,58.3,32.3,35.7,44.6,59.1,58.3,43.4,60.7,42.9,25.0,18.9,32.4,60.0,69,hard
2018,Wimbledon,F,W,Anderson,36.2,45.7,62.5,61.0,42.3,39.7,51.5,62.5,61.0,48.2,40.0,46.5,33.3,31.8,36.4,66.7,154,grass
2018,Wimbledon,SF,W,Nadal,30.7,43.8,55.1,60.8,39.0,37.3,54.0,55.1,60.8,49.0,30.4,47.1,16.7,15.2,19.6,43.6,36,grass
2018,Wimbledon,QF,W,Nishikori,23.1,36.3,64.2,79.5,32.4,27.9,45.9,64.2,79.5,41.8,35.7,51.5,0.0,14.8,18.5,34.8,29,grass
2018,Queen's Club,F,L,Cilic,41.3,47.7,52.5,48.6,44.0,54.3,61.7,52.5,48.6,58.0,47.4,44.2,40.0,4.3,8.7,59.1,-79,grass
2018,Queen's Club,QF,W,Mannarino,34.5,49.1,61.8,70.0,42.2,42.9,60.0,61.8,70.0,54.9,44.4,58.8,100.0,22.2,33.3,50.0,72,grass
2018,Queen's Club,R16,W,Dimitrov,48.1,55.8,65.2,71.4,54.2,58.8,70.6,65.2,71.4,68.2,46.7,47.4,0.0,35.7,35.7,55.6,187,grass
2018,Roland Garros,QF,L,Cecchinato,24.4,35.4,49.5,48.3,31.2,31.0,42.9,49.5,48.3,41.2,37.5,57.7,50.0,13.2,23.7,51.5,-3,clay
2018,Roland Garros,R64,W,Munar,20.2,38.4,63.5,62.3,29.6,23.2,44.9,63.5,62.3,36.7,48.1,52.4,66.7,16.0,28.0,66.7,29,clay
2018,Rome,SF,L,Nadal,20.6,33.3,50.0,45.5,30.3,26.7,37.8,50.0,45.5,40.2,65.0,44.0,0.0,5.6,22.2,58.8,-79,clay
2018,Monte Carlo,R16,L,Thiem,28.1,32.5,42.5,43.5,32.5,36.1,41.7,42.5,43.5,43.1,41.2,68.4,80.0,15.0,17.5,41.2,-7,clay
2018,Monte Carlo,R32,W,Coric,22.8,29.3,52.9,54.5,28.2,26.7,35.0,52.9,54.5,34.8,37.0,54.5,60.0,16.1,19.4,50.0,-32,clay
2018,Monte Carlo,R64,W,Lajovic,26.7,35.6,64.5,73.7,35.3,32.1,42.9,64.5,73.7,46.1,57.1,57.1,66.7,20.0,26.7,50.0,76,clay
2018,Australian Open,R32,W,Ramos,25.3,36.8,61.3,71.8,33.9,29.1,45.5,61.3,71.8,42.7,57.7,41.4,0.0,20.7,24.1,43.5,63,hard
2018,Australian Open,R64,W,Monfils,16.2,27.4,63.1,67.7,23.3,17.3,34.7,63.1,67.7,28.4,54.8,47.7,75.0,21.4,21.4,50.0,51,hard
2017,Eastbourne,F,W,Monfils,25.9,41.4,59.5,63.3,34.8,30.2,48.8,59.5,63.3,42.3,55.0,56.5,66.7,14.3,21.4,50.0,22,grass
2017,Eastbourne,SF,W,Medvedev,28.1,32.8,59.5,77.3,31.4,40.5,48.6,59.5,77.3,46.2,56.3,42.9,66.7,13.0,13.0,40.0,4,grass
2017,Roland Garros,QF,L,Thiem,18.3,26.9,41.5,44.2,23.3,22.4,34.3,41.5,44.2,30.1,64.7,51.5,75.0,11.8,14.7,36.7,1,clay
2017,Roland Garros,R32,W,Schwartzman,15.8,25.4,66.3,72.7,25.5,17.5,28.7,66.3,72.7,31.4,44.4,52.3,80.0,12.1,18.2,51.7,-35,clay
2017,Rome,F,L,Zverev,22.4,31.3,49.0,56.7,27.8,30.2,44.2,49.0,56.7,38.6,52.2,65.0,0.0,9.5,9.5,36.8,-26,clay
2017,Rome,SF,W,Thiem,30.2,44.2,60.0,68.4,37.7,38.7,51.6,60.0,68.4,49.0,14.3,70.6,100.0,8.3,25.0,45.5,-79,clay
2017,Madrid,SF,L,Nadal,19.6,25.0,41.9,43.3,27.0,23.1,25.6,41.9,43.3,33.6,58.8,40.9,25.0,13.3,26.7,38.5,11,clay
2017,Madrid,R32,W,Almagro,22.4,32.9,59.4,59.1,30.6,25.4,39.0,59.4,59.1,37.3,60.9,52.8,66.7,16.7,20.8,60.0,37,clay
2017,Monte Carlo,QF,L,Goffin,16.4,27.3,53.4,57.9,23.6,19.7,33.8,53.4,57.9,31.0,50.0,36.6,22.2,11.4,17.1,45.2,-5,clay
2017,Monte Carlo,R16,W,Carreno,15.6,34.4,56.6,68.8,27.6,18.6,47.5,56.6,68.8,38.1,55.6,46.9,50.0,12.5,15.6,35.7,1,clay
2017,Monte Carlo,R32,W,Simon,19.3,28.9,53.0,54.8,27.8,17.6,31.4,53.0,54.8,31.6,47.8,46.4,0.0,22.6,25.8,50.0,-32,clay
2017,Indian Wells,R16,L,Kyrgios,19.5,34.1,56.1,60.5,29.3,24.0,44.0,56.1,60.5,40.0,48.1,39.1,33.3,12.5,18.8,50.0,-79,hard
2017,Indian Wells,R32,W,del,19.0,36.9,64.5,71.1,29.9,25.5,47.1,64.5,71.1,43.3,33.3,54.2,50.0,11.1,25.9,54.2,-25,hard
2017,Acapulco,R16,W,del,29.0,38.7,44.6,45.9,33.7,37.3,45.8,44.6,45.9,44.6,46.4,48.4,80.0,15.2,27.3,42.9,-35,hard
2017,Australian Open,R64,L,Istomin,25.9,37.3,56.7,57.4,31.4,35.8,49.1,56.7,57.4,45.3,51.1,44.3,42.9,14.5,24.6,55.9,25,hard
2017,Australian Open,R128,W,Verdasco,27.7,38.3,54.5,60.5,33.3,35.6,47.5,54.5,60.5,44.6,42.9,45.2,33.3,15.2,24.2,46.4,7,hard
2017,Doha,F,W,Murray,13.6,21.8,63.0,61.5,21.5,17.7,29.1,63.0,61.5,28.7,50.0,39.5,33.3,3.6,3.6,66.7,-82,hard
2016,Tour Finals,F,L,Murray,21.3,24.6,50.0,43.8,27.9,27.3,31.8,50.0,43.8,36.4,52.4,47.8,50.0,5.9,5.9,62.5,-79,hard
2016,Tour Finals,SF,W,Nishikori,31.8,47.7,55.2,70.6,42.5,39.3,64.3,55.2,70.6,56.1,46.2,46.7,50.0,20.0,20.0,33.3,16,hard
2016,Tour Finals,RR,W,Thiem,26.3,36.3,64.4,59.5,31.8,31.5,38.9,64.4,59.5,39.6,44.0,55.2,100.0,15.4,30.8,72.7,-79,hard
2016,Tour Finals,RR,W,Goffin,35.1,36.8,51.5,68.4,37.0,45.7,48.6,51.5,68.4,48.9,56.3,57.9,0.0,22.2,22.2,28.6,82,hard
2016,Tour Finals,RR,W,Raonic,24.4,33.3,53.0,61.0,29.1,29.3,39.7,53.0,61.0,36.6,45.5,50.0,60.0,16.7,23.3,40.0,16,hard
2016,Shanghai,SF,L,Bautista,23.3,31.7,47.7,50.0,29.5,25.0,37.5,47.7,50.0,34.3,52.9,47.8,33.3,22.2,22.2,42.9,72,hard
2016,US Open,F,L,Wawrinka,26.8,34.1,57.8,63.2,31.6,39.7,50.8,57.8,63.2,49.0,35.7,54.3,60.0,15.1,18.9,53.3,29,hard
2016,US Open,SF,W,Monfils,23.6,38.7,55.4,56.9,31.5,25.0,42.6,55.4,56.9,37.4,42.9,27.5,25.0,25.8,38.7,52.2,113,hard
2016,US Open,R128,W,Janowicz,35.1,45.6,52.2,51.1,40.8,36.6,46.5,52.2,51.1,45.8,52.8,31.4,25.0,36.8,50.0,54.2,97,hard
2016,Rio Olympics,R64,L,del,22.8,31.7,53.9,52.0,29.6,29.6,42.3,53.9,52.0,39.3,36.4,44.7,60.0,7.1,7.1,57.7,-45,hard
2016,Canada,F,W,Nishikori,37.9,43.1,55.6,69.2,43.6,40.9,47.7,55.6,69.2,48.4,42.1,44.0,0.0,28.6,28.6,20.0,-79,hard
2016,Canada,SF,W,Monfils,20.4,29.6,68.4,73.1,28.3,25.7,40.0,68.4,73.1,38.0,66.7,45.0,50.0,14.3,14.3,58.3,-2,hard
2016,Wimbledon,R32,L,Querrey,16.3,20.9,51.9,52.5,20.5,21.6,33.3,51.9,52.5,32.2,63.2,40.6,40.0,41.7,41.7,50.0,-19,grass
2016,Roland Garros,F,W,Murray,20.9,26.4,54.8,54.2,28.0,23.4,31.2,54.8,54.2,33.5,41.7,39.0,80.0,16.7,16.7,56.0,49,clay
2016,Roland Garros,SF,W,Thiem,24.7,30.1,62.3,61.1,29.0,26.5,34.7,62.3,61.1,33.1,47.6,50.0,66.7,22.7,22.7,64.7,-13,clay
2016,Rome,F,L,Murray,23.2,26.8,45.2,47.8,26.1,28.1,34.4,45.2,47.8,33.1,41.2,60.0,0.0,17.4,17.4,42.1,-16,clay
2016,Rome,SF,W,Nishikori,27.3,37.4,51.4,58.8,36.0,27.1,41.4,51.4,58.8,39.4,53.6,45.2,60.0,29.6,29.6,31.6,25,clay
2016,Rome,QF,W,Nadal,17.7,30.4,58.7,56.5,27.2,17.9,33.9,58.7,56.5,31.3,62.5,43.8,0.0,19.0,23.8,64.7,53,clay
2016,Madrid,F,W,Murray,17.1,34.1,63.1,66.7,27.2,18.6,40.7,63.1,66.7,32.7,35.7,61.3,80.0,15.0,20.0,52.9,25,clay
2016,Madrid,SF,W,Nishikori,31.6,44.3,53.8,60.0,41.1,39.7,55.2,53.8,60.0,52.6,52.2,40.0,50.0,10.5,15.8,41.2,-13,clay
2016,Madrid,QF,W,Raonic,23.4,32.8,67.4,67.6,30.2,19.0,31.0,67.4,67.6,29.3,42.1,47.8,0.0,36.8,42.1,66.7,127,clay
2016,Madrid,R32,W,Coric,22.4,32.7,78.8,78.9,27.8,26.9,42.3,78.8,78.9,36.9,60.0,50.0,100.0,22.2,27.8,78.6,82,clay
2016,Monte Carlo,R32,L,Vesely,19.6,26.1,56.3,63.0,28.8,24.6,32.8,56.3,63.0,38.5,40.7,35.3,33.3,10.7,14.3,44.0,-12,clay
2016,Miami,SF,W,Goffin,31.6,39.5,54.0,58.1,37.2,32.6,43.5,54.0,58.1,42.0,64.7,48.3,0.0,32.1,35.7,47.4,22,hard
2016,Indian Wells,SF,W,Nadal,25.0,35.0,61.9,62.5,33.2,23.8,35.7,61.9,62.5,35.5,62.5,46.2,0.0,33.3,40.0,60.0,173,hard
2016,Australian Open,F,W,Murray,21.6,29.7,59.5,63.5,27.9,28.8,39.7,59.5,63.5,38.4,38.7,42.9,60.0,8.6,11.4,53.1,-31,hard
2016,Australian Open,SF,W,Federer,36.1,39.2,59.0,58.3,37.7,44.6,47.7,59.0,58.3,47.1,36.0,30.0,50.0,19.4,22.6,60.0,-32,hard
2016,Australian Open,QF,W,Nishikori,29.2,39.3,52.5,47.1,32.6,33.3,45.1,52.5,47.1,39.2,50.0,43.5,25.0,25.0,33.3,59.3,1,hard
2016,Australian Open,R16,W,Simon,24.3,34.5,52.7,55.4,31.2,31.5,46.3,52.7,55.4,42.8,47.1,49.1,45.5,13.6,16.7,49.1,-57,hard
2016,Doha,SF,W,Berdych,26.1,40.6,60.0,66.7,34.3,33.3,53.3,60.0,66.7,46.0,57.9,53.8,0.0,13.0,17.4,50.0,-16,hard
2016,Doha,QF,W,Mayer,26.3,43.9,52.4,70.4,35.4,28.9,50.0,52.4,70.4,42.6,53.3,39.1,0.0,21.1,31.6,20.0,-79,hard
2016,Doha,R32,W,Brown,37.5,42.5,60.0,52.6,46.0,36.7,43.3,60.0,52.6,48.0,60.0,46.7,0.0,40.0,40.0,83.3,-79,hard
2015,Tour Finals,F,W,Federer,30.4,37.5,56.4,50.0,34.3,26.3,31.6,56.4,50.0,32.1,58.8,42.9,0.0,38.9,50.0,72.7,-79,hard
2015,Tour Finals,RR,L,Federer,23.1,30.8,42.9,37.8,29.7,21.3,31.9,42.9,37.8,30.4,29.2,47.8,25.0,29.4,29.4,58.3,5,hard
2015,Tour Finals,RR,W,Berdych,22.1,36.8,52.8,56.3,30.4,28.9,48.9,52.8,56.3,41.6,47.8,45.5,0.0,8.7,13.0,47.6,-79,hard
2015,Paris,SF,W,Wawrinka,17.9,28.2,57.8,65.9,25.6,25.5,36.4,57.8,65.9,36.4,60.7,48.1,33.3,0.0,8.7,43.5,-118,hard
2015,Paris,QF,W,Berdych,36.1,48.2,60.8,67.5,43.6,37.5,53.1,60.8,67.5,47.2,50.0,31.6,100.0,35.3,35.3,36.4,80,hard
2015,Paris,R16,W,Simon,23.5,35.3,42.9,54.8,31.3,24.4,41.5,42.9,54.8,37.3,72.2,43.5,33.3,25.0,29.2,22.2,89,hard
2015,Shanghai,F,W,Tsonga,31.7,58.5,75.0,78.9,42.9,34.5,62.1,75.0,78.9,50.3,41.2,66.7,0.0,25.0,50.0,66.7,-79,hard
2015,Shanghai,SF,W,Murray,26.3,31.6,67.9,75.0,30.5,28.6,35.7,67.9,75.0,34.3,33.3,56.3,100.0,20.0,20.0,50.0,-79,hard
2015,Shanghai,QF,W,Tomic,45.6,52.6,46.7,52.9,49.5,55.3,60.5,46.7,52.9,61.1,55.6,45.0,0.0,27.8,38.9,38.5,1,hard
2015,Shanghai,R32,W,Klizan,26.5,40.8,55.6,44.4,32.9,25.0,38.9,55.6,44.4,33.6,66.7,72.2,100.0,30.8,46.2,88.9,-79,hard
2015,Beijing,SF,W,Ferrer,23.1,32.7,50.0,55.2,29.0,25.6,38.5,50.0,55.2,33.6,31.6,60.0,0.0,18.2,18.2,33.3,51,hard
2015,Beijing,R32,W,Bolelli,47.8,54.3,45.8,54.5,50.0,66.7,72.7,45.8,54.5,69.7,54.5,54.5,75.0,0.0,7.7,38.5,-118,hard
2015,US Open,F,W,Federer,20.0,27.7,53.8,54.2,24.9,25.0,33.3,53.8,54.2,32.9,44.9,42.6,62.5,13.0,20.4,53.2,12,hard
2015,US Open,SF,W,Cilic,33.9,37.5,66.7,60.9,40.0,37.8,43.2,66.7,60.9,47.0,33.3,45.5,0.0,27.8,27.8,76.9,1,hard
2015,US Open,QF,W,Lopez,31.6,37.6,60.0,64.4,34.4,33.8,39.7,60.0,64.4,38.5,66.7,45.7,75.0,28.6,34.7,54.3,-79,hard
2015,US Open,R16,W,Bautista,28.5,34.1,48.8,51.0,32.4,36.3,42.5,48.8,51.0,42.4,50.0,38.6,50.0,14.6,19.5,45.7,-9,hard
2015,US Open,R32,W,Seppi,28.6,40.7,61.3,63.2,34.4,37.7,49.2,61.3,63.2,46.4,44.4,32.4,25.0,11.1,25.9,58.3,-8,hard
2015,Cincinnati,F,L,Federer,21.5,36.7,53.4,62.9,30.3,23.9,43.5,53.4,62.9,38.9,60.9,56.5,75.0,20.7,31.0,39.1,82,hard
2015,Cincinnati,SF,W,Dolgopolov,27.2,33.0,52.2,46.3,30.4,33.9,38.7,52.2,46.3,39.2,51.7,51.5,0.0,20.0,28.6,60.7,70,hard
2015,Canada,F,L,Murray,23.6,32.1,46.8,52.2,29.6,28.1,40.6,46.8,52.2,38.1,40.7,45.9,40.0,17.5,20.0,39.4,-7,hard
2015,Canada,QF,W,Gulbis,38.8,41.3,63.6,61.5,41.6,49.0,51.0,63.6,61.5,53.5,33.3,43.3,100.0,25.0,29.2,66.7,109,hard
2015,Canada,R16,W,Sock,29.5,43.2,67.7,68.4,38.2,32.1,46.4,67.7,68.4,45.7,71.4,35.7,0.0,25.0,37.5,66.7,-79,hard
2015,Canada,R32,W,Bellucci,29.5,44.9,59.3,66.7,36.0,32.7,51.0,59.3,66.7,43.1,35.0,34.5,25.0,25.0,35.7,47.6,-27,hard
2015,Wimbledon,F,W,Federer,33.1,40.0,54.2,58.3,38.0,36.8,44.2,54.2,58.3,44.3,41.2,52.5,100.0,26.5,32.7,47.2,-49,grass
2015,Wimbledon,SF,W,Gasquet,26.5,43.9,61.4,67.3,36.2,33.8,51.4,61.4,67.3,46.6,37.5,42.9,66.7,4.5,22.7,47.6,-72,grass
2015,Roland Garros,F,L,Wawrinka,18.0,27.3,50.5,50.8,23.4,24.1,34.9,50.5,50.8,32.4,54.5,36.0,28.6,6.7,13.3,50.0,-79,clay
2015,Roland Garros,SF,W,Murray,19.9,32.6,61.3,58.1,30.6,24.5,41.8,61.3,58.1,39.9,58.1,38.2,0.0,9.8,12.2,67.6,-16,clay
2015,Roland Garros,QF,W,Nadal,16.3,26.3,64.2,68.9,26.6,21.1,33.3,64.2,68.9,35.6,44.0,46.9,50.0,4.3,8.7,54.5,-79,clay
2015,Rome,SF,W,Ferrer,23.3,35.6,57.1,56.8,31.1,24.5,42.9,57.1,56.8,36.1,57.1,53.6,100.0,20.8,20.8,57.9,-79,clay
2015,Monte Carlo,F,W,Berdych,20.6,30.4,52.6,57.4,25.7,21.7,35.0,52.6,57.4,30.3,58.6,45.2,40.0,21.6,27.0,44.8,91,clay
2015,Monte Carlo,SF,W,Nadal,21.1,35.1,60.0,64.7,28.2,20.9,37.2,60.0,64.7,30.5,45.8,47.4,33.3,21.4,28.6,45.5,-79,clay
2015,Miami,F,W,Murray,19.6,26.1,52.9,53.3,26.8,19.6,28.6,52.9,53.3,31.6,46.2,36.7,25.0,21.9,25.0,52.0,89,hard
2015,Indian Wells,F,W,Federer,27.7,36.6,58.8,62.2,33.5,39.3,52.5,58.8,62.2,48.9,27.3,51.3,87.5,11.4,14.3,54.8,-8,hard
2015,Indian Wells,SF,W,Murray,18.2,32.7,60.5,54.2,28.0,22.6,41.9,60.5,54.2,40.0,57.1,41.2,0.0,13.6,22.7,68.4,19,hard
2015,Indian Wells,R32,W,Ramos,27.4,38.7,64.3,63.6,36.5,40.5,51.4,64.3,63.6,55.7,47.1,40.0,0.0,9.1,22.7,65.0,-30,hard
2015,Dubai,F,L,Federer,25.8,33.9,52.3,55.6,29.2,30.8,38.5,52.3,55.6,36.2,36.8,35.0,100.0,19.0,28.6,47.1,53,hard
2015,Dubai,QF,W,Ilhan,35.7,38.1,61.5,73.3,39.8,44.4,48.1,61.5,73.3,50.7,50.0,46.7,0.0,21.4,21.4,45.5,22,hard
2015,Australian Open,F,W,Murray,17.6,28.7,52.3,48.4,25.1,21.0,37.0,52.3,48.4,33.5,58.1,50.0,66.7,13.0,16.7,57.4,-52,hard
2015,Australian Open,SF,W,Wawrinka,26.7,35.6,55.2,58.1,33.6,28.7,39.1,55.2,58.1,39.4,32.5,57.4,33.3,24.4,31.1,50.0,16,hard
2015,Australian Open,R16,W,Muller,38.0,53.3,67.9,67.6,46.0,43.1,60.0,67.9,67.6,54.3,42.9,56.8,0.0,30.4,43.5,68.8,145,hard
2015,Australian Open,R32,W,Verdasco,35.2,53.8,66.1,69.2,46.3,40.9,60.6,66.1,69.2,56.2,56.0,56.1,0.0,20.0,36.0,60.0,-79,hard
2015,Doha,R32,W,Lajovic,20.0,34.0,57.9,59.3,27.6,22.9,34.3,57.9,59.3,33.7,56.3,57.9,33.3,15.4,38.5,54.5,29,hard
2014,Paris,F,W,Raonic,28.6,37.5,62.5,70.4,34.3,35.7,45.2,62.5,70.4,43.3,50.0,50.0,0.0,7.1,14.3,46.2,-79,hard
2014,Paris,SF,W,Nishikori,45.8,52.1,50.0,56.3,51.5,55.6,63.9,50.0,56.3,63.1,26.7,33.3,33.3,16.7,16.7,40.0,-79,hard
2014,Shanghai,SF,L,Federer,20.8,36.4,47.5,47.5,25.5,24.5,35.8,47.5,47.5,31.3,37.5,37.9,50.0,12.5,37.5,47.6,-79,hard
2014,Shanghai,R32,W,Thiem,34.5,56.4,65.7,66.7,44.9,42.9,64.3,65.7,66.7,56.4,41.2,52.0,50.0,8.3,33.3,63.6,-33,hard
2014,Beijing,F,W,Berdych,35.6,51.1,50.0,50.0,44.7,37.5,59.4,50.0,50.0,50.3,30.8,31.6,0.0,33.3,33.3,50.0,37,hard
2014,Beijing,SF,W,Murray,25.8,29.0,60.9,59.3,30.5,22.9,25.7,60.9,59.3,31.1,42.9,64.3,0.0,29.6,33.3,63.2,-79,hard
2014,US Open,SF,L,Nishikori,38.4,48.2,41.5,58.1,43.0,53.0,65.2,41.5,58.1,60.9,50.0,50.0,33.3,19.0,26.2,26.5,53,hard
2014,US Open,QF,W,Murray,27.6,37.5,47.7,50.0,32.8,32.0,44.3,47.7,50.0,40.0,50.0,49.1,30.0,21.2,26.9,43.9,3,hard
2014,Canada,R16,L,Tsonga,24.5,34.7,38.9,40.9,29.8,29.0,41.9,38.9,40.9,37.4,62.5,66.7,100.0,17.6,23.5,35.7,5,hard
2014,Wimbledon,F,W,Federer,32.2,47.1,57.4,54.7,38.8,40.7,56.5,57.4,54.7,51.4,44.4,36.5,0.0,19.0,33.3,60.8,-10,grass
2014,Wimbledon,SF,W,Dimitrov,33.8,45.5,52.1,54.8,40.1,39.8,50.5,52.1,54.8,48.6,55.8,40.0,28.6,20.0,35.0,46.9,-7,grass
2014,Wimbledon,QF,W,Cilic,38.6,48.5,50.0,46.7,43.9,50.0,58.9,50.0,46.7,57.8,41.7,46.3,66.7,17.1,31.4,55.2,40,grass
2014,Wimbledon,R64,W,Stepanek,35.8,48.0,55.9,61.8,42.9,46.1,60.8,55.9,61.8,56.4,54.8,48.3,66.7,13.6,20.5,47.4,-13,grass
2014,Roland Garros,F,L,Nadal,16.7,27.0,52.9,64.1,25.6,22.0,37.8,52.9,64.1,35.7,35.9,48.8,33.3,7.1,7.1,35.9,-45,clay
2014,Roland Garros,SF,W,Gulbis,28.8,41.4,55.1,68.8,37.8,35.1,54.1,55.1,68.8,48.6,40.0,41.0,66.7,16.7,16.7,33.3,-38,clay
2014,Rome,SF,W,Raonic,23.7,36.0,60.5,63.5,30.5,22.2,37.0,60.5,63.5,31.9,38.2,53.2,50.0,28.1,34.4,52.2,-33,clay
2014,Monte Carlo,SF,L,Federer,23.7,27.1,47.7,46.7,28.5,25.0,30.0,47.7,46.7,32.0,31.6,28.6,0.0,22.2,22.2,50.0,1,clay
2014,Miami,F,W,Nadal,32.7,44.9,66.7,75.0,42.7,33.3,47.2,66.7,75.0,46.9,38.9,44.4,0.0,30.8,38.5,44.4,-79,hard
2014,Miami,QF,W,Murray,31.8,43.9,57.1,58.1,38.2,35.4,47.9,57.1,58.1,44.2,52.4,44.4,50.0,26.7,40.0,54.5,126,hard
2014,Indian Wells,F,W,Federer,26.0,37.5,59.1,63.4,32.7,33.9,46.8,59.1,63.4,44.2,46.2,41.7,100.0,13.8,24.1,52.0,11,hard
2014,Indian Wells,SF,W,Isner,33.7,41.3,52.5,57.9,38.9,39.7,49.2,52.5,57.9,47.3,54.2,38.5,50.0,22.2,25.9,42.9,25,hard
2014,Dubai,SF,L,Federer,36.0,43.0,45.3,39.3,41.2,47.2,54.7,45.3,39.3,55.5,40.0,50.0,66.7,19.4,25.8,52.0,13,hard
2014,Australian Open,QF,L,Wawrinka,28.5,37.5,55.9,56.5,36.0,34.3,44.8,55.9,56.5,44.7,49.0,53.6,40.0,13.2,18.4,54.5,-40,hard
2013,Tour Finals,F,W,Nadal,25.9,41.4,58.1,47.8,32.1,39.5,55.3,58.1,47.8,48.9,59.1,37.5,100.0,0.0,15.0,70.0,-118,hard
2013,Tour Finals,SF,W,Wawrinka,24.5,30.6,64.9,64.0,30.0,24.2,33.3,64.9,64.0,32.4,50.0,52.6,100.0,25.0,25.0,66.7,-79,hard
2013,Tour Finals,RR,W,Gasquet,30.7,39.6,53.7,52.6,36.1,40.6,48.4,53.7,52.6,49.2,48.0,51.3,50.0,14.7,26.5,55.2,31,hard
2013,Tour Finals,RR,W,Federer,27.7,36.6,50.0,52.9,32.0,39.3,48.2,50.0,52.9,47.0,40.9,55.9,66.7,14.3,23.8,47.2,-10,hard
2013,Paris,F,W,Ferrer,20.3,35.9,63.3,69.2,30.2,27.8,52.8,63.3,69.2,45.3,72.7,48.0,33.3,11.5,15.4,56.5,0,hard
2013,Paris,SF,W,Federer,35.9,43.5,50.0,52.8,41.2,40.0,48.3,50.0,52.8,48.2,55.6,63.6,33.3,33.3,40.7,44.4,158,hard
2013,Paris,QF,W,Wawrinka,20.6,31.7,60.0,60.7,27.5,26.3,39.5,60.0,60.7,37.6,21.4,45.8,25.0,12.0,20.0,59.1,-79,hard
2013,Shanghai,F,W,del,29.4,47.1,60.0,68.4,39.8,33.3,57.9,60.0,68.4,48.8,38.5,61.3,100.0,21.4,25.0,45.5,-79,hard
2013,Shanghai,SF,W,Tsonga,30.0,38.3,52.5,46.2,34.3,33.3,43.6,52.5,46.2,40.0,65.0,42.1,0.0,26.3,31.6,64.3,65,hard
2013,Shanghai,R32,W,Granollers,31.1,35.6,58.6,64.3,36.0,46.2,53.8,58.6,64.3,54.6,50.0,37.5,0.0,11.8,11.8,53.3,-2,hard
2013,US Open,F,L,Nadal,15.7,25.5,47.6,45.5,22.1,21.4,31.4,47.6,45.5,30.7,50.0,34.2,40.0,3.3,13.3,51.7,-84,hard
2013,US Open,SF,W,Wawrinka,22.3,28.8,57.8,58.0,27.6,25.8,31.2,57.8,58.0,33.7,28.6,35.3,50.0,17.5,27.5,57.6,49,hard
2013,US Open,R128,W,Berankis,45.2,49.3,44.7,35.0,48.1,59.2,65.3,44.7,35.0,63.5,45.5,48.1,33.3,18.2,18.2,55.6,-13,hard
2013,Canada,SF,L,Nadal,30.6,41.8,55.7,50.0,35.9,40.6,53.1,55.7,50.0,48.8,53.6,36.1,50.0,14.8,25.9,65.2,11,hard
2013,Canada,QF,W,Gasquet,47.7,56.8,59.1,52.9,53.6,50.0,61.8,59.1,52.9,57.6,53.3,57.9,50.0,44.4,44.4,80.0,-79,hard
2013,Canada,R32,W,Mayer,24.6,45.6,57.1,58.3,33.5,31.4,57.1,57.1,58.3,46.0,46.7,55.0,100.0,14.3,28.6,55.6,-10,hard
2013,Wimbledon,F,L,Murray,15.2,23.8,45.2,49.1,23.6,17.9,29.9,45.2,49.1,31.0,47.1,54.5,71.4,12.1,15.2,37.9,1,grass
2013,Wimbledon,SF,W,del,31.1,46.3,56.7,70.3,42.0,40.3,58.1,56.7,70.3,56.0,28.0,56.8,100.0,9.8,19.6,34.8,-22,grass
2013,Roland Garros,SF,L,Nadal,14.9,25.1,54.4,58.2,24.1,16.0,29.8,54.4,58.2,28.4,52.3,39.4,50.0,11.9,11.9,43.2,-10,clay
2013,Monte Carlo,F,W,Nadal,11.1,23.8,56.6,53.1,18.7,17.9,33.3,56.6,53.1,30.3,57.9,20.0,50.0,0.0,9.5,61.9,-118,clay
2013,Miami,R16,L,Haas,20.6,23.5,41.5,38.9,22.9,20.0,24.4,41.5,38.9,23.6,45.5,47.8,75.0,22.7,22.7,47.1,-13,hard
2013,Miami,R32,W,Devvarman,30.2,45.3,62.9,84.2,37.7,38.7,64.5,62.9,84.2,51.6,60.0,56.3,100.0,20.0,20.0,37.5,59,hard
2013,Indian Wells,SF,L,del,17.5,24.7,51.3,47.6,22.0,28.8,37.3,51.3,47.6,36.1,64.0,38.2,57.1,0.0,5.6,55.6,-118,hard
2013,Indian Wells,R32,W,Dimitrov,40.0,54.5,60.0,55.6,48.0,51.4,62.2,60.0,55.6,63.2,50.0,38.1,0.0,20.0,46.7,66.7,65,hard
2013,Dubai,F,W,Berdych,29.9,40.3,57.8,67.9,36.1,40.4,53.2,57.8,67.9,49.4,40.9,32.0,0.0,5.6,11.1,41.2,-63,hard
2013,Dubai,SF,W,del,30.1,43.8,66.0,65.6,41.2,36.0,54.0,66.0,65.6,52.2,26.1,44.4,100.0,18.2,22.7,66.7,-13,hard
2013,Dubai,R16,W,Bautista,36.5,46.2,58.1,52.9,41.5,50.0,61.8,58.1,52.9,57.6,54.5,65.2,100.0,12.5,18.8,64.3,4,hard
2013,Australian Open,F,W,Murray,20.9,34.3,66.0,63.1,28.4,27.0,42.7,66.0,63.1,38.2,52.4,51.1,100.0,9.5,19.0,71.1,-20,hard
2013,Australian Open,QF,W,Berdych,28.9,44.3,65.2,66.7,38.8,35.4,53.8,65.2,66.7,50.2,53.3,40.0,50.0,17.2,27.6,62.5,19,hard
2013,Australian Open,R16,W,Wawrinka,25.6,34.4,55.4,58.4,33.5,31.0,41.9,55.4,58.4,42.9,52.5,35.3,16.7,16.7,21.7,50.0,37,hard
2013,Australian Open,R32,W,Stepanek,25.9,41.2,72.6,78.4,36.6,33.9,53.6,72.6,78.4,50.2,37.0,44.8,100.0,10.7,17.9,64.0,-27,hard
2013,Australian Open,R128,W,Mathieu,46.8,59.7,66.7,65.2,52.2,52.1,64.6,66.7,65.2,60.8,52.0,39.1,100.0,40.7,55.6,68.8,25,hard
2012,Tour Finals,F,W,Federer,21.4,33.7,48.0,50.0,27.0,26.5,42.6,48.0,50.0,34.6,40.7,41.5,50.0,10.7,14.3,44.0,-8,hard
2012,Tour Finals,SF,W,del,27.1,36.5,55.7,70.0,31.5,40.0,48.0,55.7,70.0,47.6,40.9,53.6,66.7,8.8,20.6,41.9,-36,hard
2012,Tour Finals,RR,W,Murray,18.1,29.8,62.3,72.1,27.4,24.6,38.6,62.3,72.1,40.0,40.7,43.3,60.0,8.1,16.2,50.0,-79,hard
2012,Paris,R32,L,Querrey,32.6,43.5,47.3,58.6,39.6,45.3,60.4,47.3,58.6,57.4,50.0,48.5,33.3,18.8,25.0,34.6,51,hard
2012,Shanghai,F,W,Murray,27.9,37.5,47.9,51.3,33.3,37.1,53.2,47.9,51.3,46.1,41.7,23.7,50.0,15.8,15.8,43.8,39,hard
2012,Shanghai,SF,W,Berdych,41.1,48.2,60.0,68.2,49.1,47.6,54.8,60.0,68.2,58.3,42.1,56.5,100.0,27.3,36.4,37.5,118,hard
2012,Beijing,F,W,Tsonga,25.8,36.4,57.4,61.3,34.1,20.5,33.3,57.4,61.3,34.6,40.0,63.2,33.3,36.0,44.0,50.0,33,hard
2012,US Open,F,L,Murray,16.4,21.8,47.3,48.8,22.4,22.3,30.1,47.3,48.8,32.0,41.2,32.7,80.0,7.5,9.4,44.9,-42,hard
2012,US Open,QF,W,del,26.1,38.6,63.5,74.2,33.3,38.0,56.0,63.5,74.2,50.6,47.6,41.4,50.0,11.1,16.7,53.1,-2,hard
2012,Cincinnati,F,L,Federer,26.2,34.4,50.0,45.5,29.7,37.1,45.7,50.0,45.5,43.1,50.0,42.1,0.0,14.3,23.8,55.6,9,hard
2012,Cincinnati,SF,W,del,27.9,31.1,58.1,54.2,30.5,38.5,43.6,58.1,54.2,42.6,34.8,68.8,100.0,13.6,13.6,63.2,-13,hard
2012,Canada,F,W,Gasquet,23.9,32.6,77.1,81.0,31.3,30.0,36.7,77.1,81.0,41.3,25.0,42.9,100.0,12.5,25.0,71.4,-79,hard
2012,Canada,SF,W,Tipsarevic,24.2,35.5,65.9,85.0,31.0,39.4,57.6,65.9,85.0,52.1,35.7,47.4,33.3,7.7,11.5,50.0,-42,hard
2012,London Olympics,BR,L,del,41.0,47.5,50.0,52.0,50.2,44.4,53.3,50.0,52.0,56.9,54.5,52.2,0.0,31.3,31.3,45.5,-79,grass
2012,London Olympics,SF,L,Murray,23.1,40.0,57.1,60.7,32.8,30.0,52.5,57.1,60.7,45.8,36.8,33.3,50.0,12.5,20.8,52.4,-19,grass
2012,London Olympics,QF,W,Tsonga,38.6,50.9,54.3,65.4,44.9,39.5,53.5,54.3,65.4,47.9,27.8,32.0,50.0,35.7,42.9,22.2,-79,grass
2012,London Olympics,R16,W,Hewitt,36.5,51.8,52.9,64.5,45.8,43.6,63.6,52.9,64.5,58.0,39.3,40.7,100.0,25.9,33.3,35.0,72,grass
2012,Wimbledon,SF,L,Federer,31.3,42.6,51.9,55.3,37.2,36.5,50.0,51.9,55.3,45.7,37.8,54.1,66.7,23.1,30.8,46.7,-5,grass
2012,Roland Garros,F,L,Nadal,13.0,23.6,49.5,50.0,19.4,18.4,32.9,49.5,50.0,28.8,56.4,48.6,60.0,5.1,10.3,48.6,-67,clay
2012,Roland Garros,SF,W,Federer,24.2,34.1,55.2,60.5,28.1,30.6,40.3,55.2,60.5,36.5,50.0,50.0,100.0,11.1,22.2,45.8,-4,clay
2012,Rome,F,L,Nadal,17.6,25.7,50.9,57.1,24.2,25.5,36.2,50.9,57.1,36.0,47.8,29.2,0.0,4.3,8.7,40.9,-77,clay
2012,Rome,SF,W,Federer,22.7,33.3,64.0,75.0,27.6,26.3,36.8,64.0,75.0,34.7,22.2,50.0,100.0,18.5,29.6,50.0,-25,clay
2012,Rome,QF,W,Tsonga,27.6,44.8,56.1,63.0,36.7,37.2,53.5,56.1,63.0,49.5,50.0,52.2,66.7,0.0,21.4,42.9,-118,clay
2012,Madrid,R32,W,Gimeno,46.2,56.9,61.3,72.2,52.8,55.0,67.5,61.3,72.2,65.8,47.4,57.1,100.0,38.1,47.6,46.2,163,clay
2012,Monte Carlo,F,L,Nadal,4.2,10.4,43.5,40.0,9.8,0.0,10.0,43.5,40.0,9.0,66.7,46.7,50.0,11.1,11.1,50.0,-79,clay
2012,Monte Carlo,SF,W,Berdych,24.7,33.0,55.2,53.5,30.2,29.5,41.0,55.2,53.5,38.2,58.6,46.9,40.0,20.0,23.3,58.3,65,clay
2012,Monte Carlo,R16,W,Dolgopolov,37.3,47.8,55.0,60.7,43.9,41.7,50.0,55.0,60.7,50.8,65.2,44.0,100.0,29.4,47.1,41.7,80,clay
2012,Monte Carlo,R32,W,Seppi,33.3,44.4,53.7,60.0,39.2,41.9,53.5,53.7,60.0,50.5,44.4,52.0,0.0,15.8,26.3,43.8,-3,clay
2012,Miami,F,W,Murray,31.0,45.1,58.3,58.6,38.0,37.0,58.7,58.3,58.6,47.8,57.1,52.0,100.0,20.8,20.8,57.9,-19,hard
2012,Miami,SF,W,Monaco,15.4,23.1,66.7,61.5,20.6,18.8,25.0,66.7,61.5,29.4,50.0,66.7,66.7,13.8,24.1,72.0,15,hard
2012,Miami,QF,W,Ferrer,24.3,31.4,52.1,54.2,32.1,35.1,48.6,52.1,54.2,50.0,52.6,55.6,100.0,14.3,14.3,50.0,-27,hard
2012,Indian Wells,SF,L,Isner,31.5,42.3,60.8,65.2,38.3,36.1,48.6,60.8,65.2,46.5,52.0,44.7,50.0,24.3,32.4,53.6,-1,hard
2012,Dubai,SF,L,Murray,22.0,34.0,46.2,54.2,30.4,29.4,47.1,46.2,54.2,41.8,35.0,50.0,100.0,6.3,6.3,33.3,-79,hard
2012,Australian Open,F,W,Nadal,22.3,31.9,57.3,54.3,27.7,28.3,38.9,57.3,54.3,36.3,50.0,24.6,25.0,10.4,18.8,62.8,-19,hard
2012,Australian Open,SF,W,Murray,19.9,25.7,49.6,55.7,24.2,24.0,33.7,49.6,55.7,31.2,54.2,41.1,18.2,14.8,14.8,40.4,30,hard
2012,Australian Open,QF,W,Ferrer,18.7,30.8,62.2,61.8,24.1,27.7,38.3,62.2,61.8,38.1,45.8,39.1,100.0,9.1,22.7,62.5,-79,hard
2012,Australian Open,R16,W,Hewitt,30.4,39.2,54.4,55.3,36.1,39.7,52.4,54.4,55.3,48.9,46.7,45.5,100.0,16.7,19.4,53.3,37,hard
2011,Tour Finals,RR,L,Ferrer,33.9,37.3,27.8,35.3,36.6,46.9,53.1,27.8,35.3,51.9,50.0,37.5,50.0,20.8,20.8,21.1,86,hard
2011,Tour Finals,RR,L,Tipsarevic,28.4,37.8,52.9,58.6,35.0,39.6,50.0,52.9,58.6,49.8,37.5,50.0,0.0,8.3,16.7,45.5,-33,hard
2011,US Open,F,W,Nadal,16.5,27.6,50.5,57.4,25.1,19.0,32.1,50.5,57.4,32.0,54.3,32.7,37.5,11.9,19.0,37.8,-44,hard
2011,US Open,SF,W,Federer,29.3,39.3,63.4,72.5,33.0,37.8,47.6,63.4,72.5,44.1,58.1,43.1,0.0,19.2,30.8,52.4,72,hard
2011,US Open,R64,W,Berlocq,25.0,37.5,54.8,52.0,30.5,32.4,45.9,54.8,52.0,40.8,57.9,50.0,100.0,10.5,21.1,58.8,-79,hard
2011,Cincinnati,F,L,Murray,10.0,22.0,40.9,46.4,18.6,15.2,30.3,40.9,46.4,28.2,57.9,57.1,33.3,0.0,6.3,31.3,-118,hard
2011,Cincinnati,SF,W,Berdych,36.7,43.3,62.5,66.7,46.0,40.0,50.0,62.5,66.7,54.0,58.3,50.0,100.0,42.9,42.9,50.0,212,hard
2011,Canada,F,W,Fish,26.0,34.4,52.2,52.6,29.9,37.7,45.9,52.2,52.6,43.8,32.1,66.7,33.3,6.1,15.2,51.6,-55,hard
2011,Wimbledon,F,W,Nadal,30.5,40.0,53.8,55.8,37.4,37.7,47.8,53.8,55.8,47.1,48.6,38.2,0.0,12.0,20.0,50.0,-21,grass
2011,Wimbledon,SF,W,Tsonga,30.8,45.0,63.4,66.0,38.4,32.9,46.8,63.4,66.0,44.4,40.5,52.4,100.0,27.5,42.5,58.6,-42,grass
2011,Roland Garros,SF,L,Federer,19.0,29.2,51.5,48.3,25.8,23.0,33.6,51.5,48.3,33.1,37.3,50.0,40.0,11.3,20.8,57.4,-24,clay
2011,Rome,F,W,Nadal,8.2,24.6,60.0,62.5,18.7,11.1,28.9,60.0,62.5,25.3,73.7,34.6,100.0,0.0,13.3,53.3,-118,clay
2011,Rome,SF,W,Murray,11.5,15.6,56.6,60.7,17.3,13.8,20.0,56.6,60.7,22.5,41.4,61.1,75.0,6.9,6.9,48.1,-47,clay
2011,Madrid,F,W,Nadal,10.3,24.1,58.8,64.3,20.9,15.2,30.3,58.8,64.3,33.6,53.3,50.0,66.7,4.2,16.7,52.2,-74,clay
2011,Madrid,SF,W,Bellucci,27.5,36.3,54.4,51.5,32.8,35.3,47.1,54.4,51.5,43.5,60.9,39.3,0.0,14.3,17.9,58.3,-27,clay
2011,Madrid,R32,W,Anderson,23.6,34.5,70.3,76.0,29.3,30.6,44.4,70.3,76.0,39.2,56.3,60.0,100.0,14.3,21.4,58.3,19,clay
2011,Belgrade,F,W,Lopez,20.5,30.8,64.8,73.5,26.5,24.4,40.0,64.8,73.5,34.9,45.0,36.0,0.0,20.0,24.0,50.0,59,hard
2011,Miami,F,W,Nadal,18.9,38.9,61.0,58.1,27.8,20.4,42.6,61.0,58.1,35.9,56.5,48.4,50.0,17.1,34.1,64.7,-79,hard
2011,Miami,SF,W,Fish,29.3,43.1,51.2,63.0,36.4,34.1,51.2,51.2,63.0,44.1,50.0,52.2,33.3,17.6,23.5,28.6,-79,hard
2011,Indian Wells,F,W,Nadal,22.5,39.3,59.4,64.1,31.8,27.8,51.9,59.4,64.1,43.1,56.5,51.6,0.0,16.7,23.3,52.0,44,hard
2011,Indian Wells,SF,W,Federer,27.1,32.9,48.3,46.2,31.5,31.6,38.6,48.3,46.2,38.2,28.6,65.5,100.0,20.8,25.0,52.6,78,hard
2011,Australian Open,F,W,Murray,20.0,26.7,58.3,55.3,23.5,26.9,34.6,58.3,55.3,31.9,56.5,51.7,33.3,4.3,8.7,63.6,-79,hard
2011,Australian Open,SF,W,Federer,24.0,33.6,55.6,61.0,31.4,31.4,43.0,55.6,61.0,42.1,37.2,32.6,25.0,11.4,17.1,45.2,-8,hard
2011,Australian Open,QF,W,Berdych,29.7,37.4,56.5,69.4,37.7,41.0,49.2,56.5,69.4,53.0,37.9,43.8,100.0,7.1,14.3,38.5,-42,hard
2010,Tour Finals,SF,L,Federer,19.3,24.6,41.9,46.4,25.1,17.6,26.5,41.9,46.4,27.4,50.0,38.9,75.0,25.0,25.0,33.3,118,hard
2010,Tour Finals,RR,L,Nadal,32.8,39.3,37.5,44.0,37.4,35.9,41.0,37.5,44.0,43.1,17.6,22.7,0.0,28.6,38.1,26.7,-10,hard
2010,Basel,F,L,Federer,28.0,36.6,52.6,45.9,31.2,33.9,41.1,52.6,45.9,38.6,60.0,51.6,80.0,16.7,29.2,65.0,37,hard
2010,Shanghai,SF,L,Federer,18.7,34.7,54.4,52.6,25.6,20.8,37.5,54.4,52.6,31.7,53.8,40.9,66.7,17.4,34.8,57.9,45,hard
2010,US Open,F,L,Nadal,13.3,26.6,53.3,57.0,21.4,17.7,34.4,53.3,57.0,29.8,44.0,28.3,33.3,4.7,11.6,46.3,-71,hard
2010,US Open,SF,W,Federer,21.2,35.1,58.6,56.5,27.8,26.6,41.5,58.6,56.5,37.2,28.6,42.3,0.0,13.0,25.9,61.7,1,hard
2010,US Open,QF,W,Monfils,12.0,32.0,61.9,64.6,24.8,12.2,33.8,61.9,64.6,29.5,48.6,45.9,42.9,13.6,31.8,52.6,9,hard
2010,US Open,R32,W,Blake,36.2,46.8,52.6,48.8,43.5,40.3,52.8,52.6,48.8,49.9,35.5,43.9,0.0,26.3,31.6,64.3,-3,hard
2010,Cincinnati,QF,L,Roddick,22.6,37.1,51.1,48.3,32.1,19.4,38.9,51.1,48.3,35.8,30.8,52.2,25.0,30.4,39.1,56.3,42,hard
2010,Canada,SF,L,Federer,21.2,28.0,43.3,44.4,24.8,22.2,28.4,43.3,44.4,27.5,31.7,40.0,33.3,20.6,29.4,40.7,44,hard
2010,Wimbledon,SF,L,Berdych,26.1,38.6,59.6,61.4,33.2,31.3,46.9,59.6,61.4,40.9,30.8,50.0,50.0,18.8,25.0,53.8,19,grass
2010,Wimbledon,R128,W,Rochus,25.5,38.0,53.3,52.8,31.6,33.8,50.0,53.3,52.8,44.1,41.7,34.1,27.3,17.8,26.7,54.1,36,grass
2010,Monte Carlo,SF,L,Verdasco,9.1,21.2,41.8,44.1,14.5,12.8,28.2,41.8,44.1,22.1,57.9,50.0,40.0,4.5,13.6,38.1,-77,clay
2010,Dubai,F,W,Youzhny,16.8,22.4,55.8,61.0,20.9,25.5,32.7,55.8,61.0,33.5,40.0,51.4,40.0,10.0,15.0,50.0,-33,hard
2010,Australian Open,QF,L,Tsonga,17.9,28.3,57.3,58.8,25.0,20.0,31.0,57.3,58.8,30.3,38.1,60.3,75.0,16.7,27.8,53.3,29,hard
2009,Tour Finals,RR,W,Davydenko,25.0,34.0,52.1,50.0,30.1,33.3,47.6,52.1,50.0,41.4,50.0,51.7,0.0,12.1,12.1,55.2,1,hard
2009,Tour Finals,RR,W,Nadal,16.4,27.4,62.1,71.9,25.6,15.8,28.9,62.1,71.9,33.4,46.2,28.0,0.0,18.8,28.1,50.0,51,hard
2009,Tour Finals,RR,L,Soderling,33.8,38.0,37.0,32.0,36.2,40.5,42.9,37.0,32.0,44.5,33.3,59.3,100.0,25.0,32.1,42.9,-27,hard
2009,Paris,F,W,Monfils,15.3,32.7,65.4,66.7,28.6,13.6,34.8,65.4,66.7,33.3,54.5,42.4,50.0,22.2,33.3,61.9,88,hard
2009,Basel,F,W,Federer,23.5,29.6,60.6,61.4,28.6,27.9,34.4,60.6,61.4,36.1,60.7,45.5,71.4,21.4,28.6,59.1,70,hard
2009,Shanghai,SF,L,Davydenko,16.7,24.2,57.1,52.5,21.0,24.4,34.6,57.1,52.5,31.0,44.1,45.5,25.0,2.5,5.0,64.1,-92,hard
2009,Beijing,F,W,Cilic,22.2,29.2,49.1,55.6,28.2,25.0,35.4,49.1,55.6,34.0,57.1,51.9,42.9,17.4,17.4,36.8,-16,hard
2009,US Open,SF,L,Federer,28.7,43.5,51.3,52.8,37.0,32.1,48.7,51.3,52.8,44.2,38.9,26.2,20.0,24.2,36.4,48.0,85,hard
2009,Cincinnati,F,L,Federer,22.2,29.6,38.7,47.5,27.5,25.9,35.2,38.7,47.5,33.9,43.5,29.0,55.6,15.4,19.2,22.7,-23,hard
2009,Wimbledon,QF,L,Haas,29.0,41.1,59.5,68.9,35.7,37.5,55.6,59.5,68.9,49.0,40.6,67.5,50.0,18.8,22.9,48.7,37,grass
2009,Halle,F,L,Haas,18.6,32.6,55.2,50.0,21.5,27.7,38.3,55.2,50.0,33.0,50.0,55.2,33.3,8.3,27.8,60.6,-33,grass
2009,Madrid,SF,L,Nadal,18.8,33.0,67.0,72.3,25.3,28.8,45.5,67.0,72.3,39.8,44.8,43.2,0.0,4.7,16.3,61.0,-70,clay
2009,Belgrade,F,W,Kubot,31.9,42.0,53.3,50.0,38.1,39.1,50.0,53.3,50.0,48.5,60.0,57.7,40.0,19.0,28.6,58.8,53,hard
2009,Rome,F,L,Nadal,12.1,30.3,50.0,52.9,20.9,12.8,33.3,50.0,52.9,27.7,42.9,44.0,100.0,12.0,28.0,45.5,4,clay
2009,Rome,SF,W,Federer,12.0,25.0,58.5,57.1,17.9,19.2,32.7,58.5,57.1,30.6,60.9,58.6,20.0,4.7,18.6,61.0,-73,clay
2009,Monte Carlo,F,L,Nadal,17.2,25.3,37.7,41.5,23.4,24.1,35.2,37.7,41.5,34.1,26.9,17.9,40.0,6.7,10.0,32.1,-51,clay
2009,Monte Carlo,SF,W,Wawrinka,19.8,28.4,59.0,68.6,24.9,25.5,38.3,59.0,68.6,34.5,33.3,51.7,50.0,12.9,19.4,48.1,8,clay
2009,Miami,F,L,Murray,19.2,28.8,40.7,39.4,25.1,25.0,36.4,40.7,39.4,34.8,40.9,50.0,80.0,12.5,20.8,42.9,-4,hard
2009,Miami,SF,W,Federer,19.2,26.0,60.0,59.0,22.7,23.5,31.4,60.0,59.0,28.6,43.5,39.3,0.0,11.1,16.7,62.5,-18,hard
2009,Davis Cup,RR,L,Ferrer,16.1,28.6,44.3,56.4,26.2,22.5,40.8,44.3,56.4,38.5,43.3,61.0,60.0,5.7,8.6,24.2,-64,hard
2009,Davis Cup,RR,L,Nadal,14.6,26.0,46.2,50.0,21.4,21.4,33.9,46.2,50.0,33.0,46.2,36.7,25.0,5.6,16.7,41.2,-63,hard
2009,Dubai,F,W,Ferrer,15.9,30.2,54.7,60.6,26.8,23.3,44.2,54.7,60.6,39.3,50.0,47.8,0.0,0.0,0.0,45.0,-118,hard
2009,Australian Open,QF,L,Roddick,21.7,28.7,48.2,46.0,28.0,31.5,39.7,48.2,46.0,41.4,52.5,45.5,16.7,5.4,10.8,51.4,-66,hard
2008,Masters Cup,F,W,Davydenko,21.8,38.2,67.5,62.5,29.6,29.4,44.1,67.5,62.5,42.1,55.6,56.3,0.0,11.1,33.3,75.0,-13,hard
2008,Masters Cup,SF,W,Simon,28.3,39.6,53.3,57.1,34.1,37.3,53.7,53.3,57.1,46.4,52.9,63.6,33.3,13.2,15.8,48.5,-40,hard
2008,Bangkok,F,L,Tsonga,24.3,32.9,50.0,55.6,30.4,32.5,45.0,50.0,55.6,43.3,37.5,50.0,0.0,16.0,20.0,42.9,-21,hard
2008,US Open,SF,L,Federer,29.8,42.7,48.8,58.5,38.3,33.8,52.5,48.8,58.5,46.9,50.0,50.0,71.4,25.6,28.2,31.0,93,hard
2008,Beijing Olympics,BR,W,Blake,46.0,66.7,66.7,72.0,55.7,47.9,70.8,66.7,72.0,60.6,52.4,55.6,100.0,42.9,57.1,50.0,22,hard
2008,Beijing Olympics,SF,L,Nadal,30.6,42.4,51.9,53.1,37.3,40.7,57.4,51.9,53.1,51.3,58.3,43.3,66.7,15.4,19.2,50.0,24,hard
2008,Beijing Olympics,QF,W,Monfils,21.0,35.0,53.8,59.6,32.2,24.6,44.9,53.8,59.6,40.9,51.6,39.5,60.0,13.3,13.3,42.3,-30,hard
2008,Cincinnati,F,L,Murray,22.9,29.2,51.5,52.5,27.5,25.9,33.3,51.5,52.5,34.1,45.5,53.1,50.0,22.2,27.8,50.0,91,hard
2008,Canada,QF,L,Murray,17.2,25.0,52.9,57.6,23.1,17.5,27.5,52.9,57.6,27.0,33.3,59.1,75.0,18.2,22.7,44.4,47,hard
2008,Wimbledon,R64,L,Safin,37.1,41.2,43.1,48.4,39.3,50.0,54.8,43.1,48.4,53.4,44.0,56.8,80.0,20.0,24.0,35.0,39,grass
2008,Queen's Club,F,L,Nadal,26.7,35.6,42.4,44.9,35.2,29.0,39.1,42.4,44.9,40.1,38.7,36.8,28.6,19.0,23.8,35.3,-79,grass
2008,Roland Garros,SF,L,Nadal,15.0,36.0,51.2,48.9,24.2,16.7,46.3,51.2,48.9,33.7,47.8,22.6,12.5,13.3,24.4,53.8,-46,clay
2008,Hamburg,SF,L,Nadal,12.9,26.9,46.9,50.0,21.8,16.7,38.3,46.9,50.0,30.5,48.4,48.3,50.0,6.1,6.1,41.9,-79,clay
2008,Rome,F,W,Wawrinka,28.2,38.0,70.0,74.2,37.5,35.4,47.9,70.0,74.2,49.2,47.8,72.0,0.0,13.6,18.2,63.2,-13,clay
2008,Monte Carlo,SF,L,Federer,11.3,19.4,48.1,55.9,19.4,8.1,18.9,48.1,55.9,21.6,47.4,61.1,50.0,18.2,22.7,33.3,58,clay
2008,Monte Carlo,R16,W,Murray,17.8,31.1,62.2,57.1,25.1,30.0,45.0,62.2,57.1,46.5,27.3,55.6,50.0,8.0,20.0,65.2,-79,clay
2008,Indian Wells,F,W,Fish,32.1,38.1,48.2,41.4,35.4,44.2,50.0,48.2,41.4,49.4,63.0,68.0,100.0,12.9,19.4,55.6,-32,hard
2008,Indian Wells,SF,W,Nadal,36.0,48.0,56.3,60.0,40.2,51.6,61.3,56.3,60.0,58.4,50.0,46.7,0.0,10.5,26.3,52.9,-79,hard
2008,Australian Open,F,W,Tsonga,28.7,37.7,61.2,65.9,36.4,35.3,47.1,61.2,65.9,49.1,51.6,51.4,25.0,21.2,26.9,56.1,-23,hard
2008,Australian Open,SF,W,Federer,31.9,44.2,52.3,55.3,37.9,47.9,61.6,52.3,55.3,57.3,57.6,50.0,83.3,3.6,17.9,48.1,-86,hard
2008,Australian Open,R128,W,Becker,35.4,43.0,57.4,69.0,41.5,44.2,55.8,57.4,69.0,53.5,52.2,58.6,100.0,21.7,21.7,38.9,86,hard
2007,Masters Cup,RR,L,Nadal,29.0,36.2,42.9,43.3,37.0,31.8,43.2,42.9,43.3,44.3,52.2,42.9,0.0,24.0,24.0,42.1,-79,hard
2007,Masters Cup,RR,L,Gasquet,12.8,23.4,38.5,33.3,15.3,25.0,25.0,38.5,33.3,30.0,50.0,30.0,50.0,0.0,23.8,42.9,-118,hard
2007,Madrid,SF,L,Nalbandian,37.0,46.9,43.5,51.9,43.6,44.9,59.2,43.5,51.9,55.7,65.2,50.0,100.0,29.6,33.3,31.6,157,clay
2007,Vienna,F,W,Wawrinka,26.1,43.5,67.6,70.8,38.7,25.0,50.0,67.6,70.8,43.1,22.2,56.5,0.0,28.6,28.6,60.0,-79,hard
2007,US Open,F,L,Federer,28.4,41.4,53.9,52.6,34.3,38.7,54.8,53.9,52.6,49.7,33.3,57.1,100.0,19.1,29.8,55.3,65,hard
2007,US Open,SF,W,Ferrer,28.6,36.3,54.8,51.2,33.8,32.8,42.6,54.8,51.2,40.7,31.0,43.8,50.0,22.2,25.9,61.9,72,hard
2007,Canada,F,W,Federer,32.3,41.7,51.6,51.4,37.4,40.3,48.4,51.6,51.4,48.2,44.4,57.1,0.0,19.4,32.3,52.0,55,hard
2007,Canada,SF,W,Nadal,42.3,53.5,56.4,60.9,48.3,50.0,60.9,56.4,60.9,59.3,57.1,32.0,40.0,30.4,43.5,50.0,42,hard
2007,Wimbledon,SF,L,Nadal,15.5,20.7,29.2,33.3,18.3,40.0,50.0,29.2,33.3,48.0,81.8,22.2,0.0,7.7,15.4,25.0,-39,grass
2007,Wimbledon,R16,W,Hewitt,26.4,37.9,53.5,58.4,35.1,35.8,50.8,53.5,58.4,48.3,44.4,65.2,66.7,7.5,12.5,43.2,-45,grass
2007,Roland Garros,SF,L,Nadal,14.7,29.5,43.8,49.1,26.5,16.2,36.8,43.8,49.1,32.6,65.7,33.3,25.0,11.5,11.5,30.4,-23,clay
2007,Rome,QF,L,Nadal,11.9,23.9,43.1,48.8,19.9,14.6,29.2,43.1,48.8,25.6,61.5,45.5,28.6,5.6,11.1,29.4,-60,clay
2007,Estoril,F,W,Gasquet,8.6,22.6,50.7,54.3,15.8,13.2,34.0,50.7,54.3,25.8,39.1,66.7,75.0,3.6,10.7,44.4,-84,clay
2007,Miami,F,W,Canas,20.8,33.3,62.7,57.4,28.0,26.6,40.6,62.7,57.4,37.3,40.7,51.4,33.3,9.7,19.4,71.4,-32,hard
2007,Miami,SF,W,Murray,23.8,23.8,66.7,61.9,29.5,25.0,25.0,66.7,61.9,33.6,69.2,66.7,0.0,25.0,25.0,77.8,118,hard
2007,Miami,QF,W,Nadal,26.2,32.3,56.3,46.7,32.2,33.3,40.0,56.3,46.7,42.0,52.2,50.0,50.0,10.0,15.0,72.2,-79,hard
2007,Indian Wells,F,L,Nadal,23.5,31.4,51.4,62.5,28.8,38.5,50.0,51.4,62.5,48.8,33.3,50.0,0.0,8.7,13.0,42.9,-30,hard
2007,Indian Wells,SF,W,Murray,35.7,45.2,59.3,71.4,41.9,41.7,58.3,59.3,71.4,52.5,20.0,50.0,100.0,27.8,27.8,46.2,-79,hard
2007,Dubai,QF,L,Federer,29.6,37.8,46.9,45.9,34.5,39.3,49.2,46.9,45.9,47.2,54.2,67.6,60.0,15.6,21.9,48.1,35,hard
2007,Australian Open,R16,L,Federer,24.8,30.7,41.9,40.4,27.3,29.9,35.8,41.9,40.4,33.7,64.3,46.2,20.0,15.6,21.9,44.4,10,hard
2007,Australian Open,R128,W,Massu,40.7,54.2,58.8,68.2,51.9,45.0,60.0,58.8,68.2,61.5,66.7,54.5,0.0,33.3,44.4,41.7,1,hard
2007,Adelaide,F,W,Guccione,29.1,42.7,52.1,55.6,34.7,34.8,52.2,52.1,55.6,44.3,57.6,33.3,0.0,26.3,36.8,46.4,127,hard
2006,Madrid,R16,W,Murray,22.2,28.9,54.5,61.8,27.6,32.0,44.0,54.5,61.8,41.6,33.3,51.7,50.0,11.1,11.1,46.9,-5,clay
2006,Metz,F,W,Melzer,34.1,45.5,47.4,51.4,40.7,41.7,55.0,47.4,51.4,51.3,40.7,42.4,100.0,18.5,25.9,40.9,-25,hard
2006,Davis Cup,RR,L,Federer,21.6,28.9,39.7,42.3,27.9,23.5,30.9,39.7,42.3,32.5,50.0,63.2,60.0,19.2,26.9,33.3,29,hard
2006,Roland Garros,QF,L,Nadal,7.7,21.5,49.0,54.1,17.5,11.9,31.0,49.0,54.1,27.1,50.0,27.3,0.0,0.0,8.3,33.3,-118,clay
2006,Monte Carlo,R64,L,Federer,14.9,28.7,53.9,51.9,23.0,13.3,26.7,53.9,51.9,26.0,40.0,65.7,100.0,20.0,36.7,58.3,76,clay
2006,Miami,R64,L,Coria,17.1,28.0,40.3,44.4,23.0,20.0,31.1,40.3,44.4,30.9,30.8,68.4,75.0,16.1,29.0,34.6,31,hard
2005,US Open,R128,W,Monfils,19.0,34.6,54.3,59.6,30.1,21.0,41.2,54.3,59.6,37.6,37.3,41.2,100.0,16.4,23.6,43.5,47,hard
2005,Australian Open,R128,L,Safin,9.1,12.1,27.3,30.3,11.5,15.4,20.5,27.3,30.3,19.5,35.0,52.6,75.0,0.0,0.0,22.7,-118,hard
